cid,smiles,acvalue,categories
44244736,COC1=C(C(=C(C=C1)C2=C(OC(=N2)C3=CC=CC=C3F)SC4=NC5=CC=CC=C5S4)OC)OC,0.003,inhibitor
44244911,CC1=NN=C(S1)SC2=C(N=C(O2)C3=CC=CC=C3F)C4=C(C(=C(C=C4)OC)OC)OC,0.0035,inhibitor
44245235,COC1=C(C(=C(C=C1)C2=C(OC(=N2)C3=CN=CC=C3)SC4=NC=CC=N4)OC)OC,0.0047,inhibitor
10451021,CC(=CC1=CC(=C(C=C1)OC)O)C(=O)C2=CC(=C(C(=C2)OC)OC)OC,0.009,inhibitor
44245073,CC1=CN=C(N=C1C)SC2=C(N=C(O2)C3=CC=CC=C3Cl)C4=C(C(=C(C=C4)OC)OC)OC,0.018,inhibitor
44245415,CC1=CN=C(N=C1C)SC2=C(N=C(O2)C3=CC=CC=C3)C4=C(C(=C(C=C4)OC)OC)OC,0.02,inhibitor
44245239,CC1=CN=C(N=C1C)SC2=C(N=C(O2)C3=CC=CC=C3F)C4=C(C(=C(C=C4)OC)OC)OC,0.02,inhibitor
44244910,CC1=NN=C(S1)SC2=C(N=C(O2)C3=CC=C(C=C3)C(F)(F)F)C4=C(C(=C(C=C4)OC)OC)OC,0.022,inhibitor
44245236,COC1=C(C(=C(C=C1)C2=C(OC(=N2)C3=CC=CC=C3)SC4=NC=CC=N4)OC)OC,0.023,inhibitor
44245076,COC1=C(C(=C(C=C1)C2=C(OC(=N2)C3=CN=CC=C3)SC4=NC5=CC=CC=C5S4)OC)OC,0.023,inhibitor
44245071,CC1=CN=C(N=C1C)SC2=C(N=C(O2)C3=CC=C(C=C3)C(F)(F)F)C4=C(C(=C(C=C4)OC)OC)OC,0.023,inhibitor
44244912,CC1=NN=C(S1)SC2=C(N=C(O2)C3=CC=CC=C3Cl)C4=C(C(=C(C=C4)OC)OC)OC,0.024,inhibitor
44244907,COC1=C(C(=C(C=C1)C2=C(OC(=N2)C3=CC=CC=C3)SC4=NC5=CC=CC=C5S4)OC)OC,0.025,inhibitor
249332,CCC1(CC2CC(C3=C(CCN(C2)C1)C4=CC=CC=C4N3)(C5=C(C=C6C(=C5)C78CCN9C7C(C=CC9)(C(C(C8N6C=O)(C(=O)OC)O)OC(=O)C)CC)OC)C(=O)OC)O.OS(=O)(=O)O,0.0276,inhibitor
44245237,CC1=NN=C(S1)SC2=C(N=C(O2)C3=CN=CC=C3)C4=C(C(=C(C=C4)OC)OC)OC,0.032,inhibitor
44245072,CC1=CN=C(N=C1C)SC2=C(N=C(O2)C3=CN=CC=C3)C4=C(C(=C(C=C4)OC)OC)OC,0.035,inhibitor
44245075,COC1=C(C(=C(C=C1)C2=C(OC(=N2)C3=CC=C(C=C3)C(F)(F)F)SC4=NC5=CC=CC=C5S4)OC)OC,0.036,inhibitor
44244737,COC1=C(C(=C(C=C1)C2=C(OC(=N2)C3=CC=CC=C3Cl)SC4=NC5=CC=CC=C5S4)OC)OC,0.039,inhibitor
137650892,CCC(CC)(CCOC1=C(C=C(C=C1)C(CC)(CC)C2=CC=C(N2CC)C(=O)NCCCN(CC)CC)C)O,0.04,inhibitor
44245238,CC1=NN=C(S1)SC2=C(N=C(O2)C3=CC=CC=C3)C4=C(C(=C(C=C4)OC)OC)OC,0.042,inhibitor
44244909,COC1=C(C(=C(C=C1)C2=C(OC(=N2)C3=CC=CC=C3Cl)SC4=NC=CC=N4)OC)OC,0.047,inhibitor
44244908,COC1=C(C(=C(C=C1)C2=C(OC(=N2)C3=CC=CC=C3F)SC4=NC=CC=N4)OC)OC,0.051,inhibitor
132569676,CC(=CC1=CC(=C(C=C1)OC)O)C(=C)C2=CC(=C(C(=C2)OC)OC)OC,0.061,inhibitor
44245234,COC1=C(C(=C(C=C1)C2=C(OC(=N2)C3=CC=C(C=C3)C(F)(F)F)SC4=NC=CC=N4)OC)OC,0.066,inhibitor
10607,COC1=CC(=CC(=C1OC)OC)C2C3C(COC3=O)C(C4=CC5=C(C=C24)OCO5)O,0.07,inhibitor
9884538,COC1=C(C=C(C=C1)C=CC(=O)C2=CC(=C(C(=C2)OC)OC)OC)O,0.09,inhibitor
6167,CC(=O)NC1CCC2=CC(=C(C(=C2C3=CC=C(C(=O)C=C13)OC)OC)OC)OC,0.13,inhibitor
145984935,CC1C(C(C(C(O1)OC2C(C(COC2OC3CCC4(C(C3(C)C)CCC5(C4CC=C6C5(CCC7(C6CC(CC7)(C)C)C(=O)NCC8=CN(N=N8)C9=CC(=CC=C9)OC)C)C)C)OC1C(C(C(C(O1)CO)O)O)O)O)O)O)O,0.23,inhibitor
137656250,CCC=C(C=CC1=CC(=C(C=C1)OC)N)C2=CC(=C(C(=C2)OC)OC)OC,0.285,inhibitor
73776616,COC1=CC=C(C=C1)C(=O)NC(CC2=CNC3=CC=CC=C32)COC4=CC=C(C=C4)C=CC(=O)NO,0.29,inhibitor
137639182,CC=C(C=CC1=CC(=C(C=C1)OC)N)C2=CC(=C(C(=C2)OC)OC)OC,0.319,inhibitor
73776326,C1=CC=C(C=C1)C(=O)NC(CC2=CNC3=CC=CC=C32)COC4=CC=C(C=C4)C=CC(=O)NO,0.33,inhibitor
137661878,CC(=CC1=CC(=C(C=C1)OC)F)C(=C)C2=CC(=C(C(=C2)OC)OC)OC,0.354,inhibitor
145954484,COC1=CC2=C(C=C1)SC(=N2)NC(=O)CN3C=C(C4=CC=CC=C43)C(=O)C(=O)NC5=CC=CC=C5,0.361,inhibitor
90654859,C1=CC=C2C(=C1)C(=CN2)CC(COC3=CC=C(C=C3)C=CC(=O)NO)NCC4=CC=C(C=C4)Cl.Cl,0.37,inhibitor
137641210,COC1=C(C=C(C=C1)C=CC(=C)C2=CC(=C(C(=C2)OC)OC)OC)O,0.423,inhibitor
137653654,CC(=CC1=CC(=C(C=C1)OC)N)C(=C)C2=CC(=C(C(=C2)OC)OC)OC,0.457,inhibitor
73776472,C1=CC=C2C(=C1)C(=CN2)CC(COC3=CC=C(C=C3)C=CC(=O)NO)NC(=O)C4=CC=C(C=C4)Cl,0.46,inhibitor
137660224,CC(=CC1=CC=C(C=C1)OC)C(=C)C2=CC(=C(C(=C2)OC)OC)OC,0.487,inhibitor
145984811,CC1C(C(C(C(O1)OC2C(C(COC2OC3CCC4(C(C3(C)C)CCC5(C4CC=C6C5(CCC7(C6CC(CC7)(C)C)C(=O)NCC8=CN(N=N8)C9=CC(=CC=C9)Br)C)C)C)OC1C(C(C(C(O1)CO)O)O)O)O)O)O)O,0.49,inhibitor
73776614,C1=CC=C2C(=C1)C(=CN2)CC(COC3=CC=C(C=C3)C=CC(=O)NO)NC(=O)C4=CC=C(C=C4)F,0.51,inhibitor
73776327,C1=CC=C(C=C1)CC(=O)NC(CC2=CNC3=CC=CC=C32)COC4=CC=C(C=C4)C=CC(=O)NO,0.53,inhibitor
145982832,CC1C(C(C(C(O1)OC2C(C(COC2OC3CCC4(C(C3(C)C)CCC5(C4CC=C6C5(CCC7(C6CC(CC7)(C)C)C(=O)NCC8=CN(N=N8)C9=CC=C(C=C9)C)C)C)C)OC1C(C(C(C(O1)CO)O)O)O)O)O)O)O,0.54,inhibitor
145983028,CC1C(C(C(C(O1)OC2C(C(COC2OC3CCC4(C(C3(C)C)CCC5(C4CC=C6C5(CCC7(C6CC(CC7)(C)C)C(=O)NCC8=CN(N=N8)C9=CC=C(C=C9)OC)C)C)C)OC1C(C(C(C(O1)CO)O)O)O)O)O)O)O,0.55,inhibitor
137646083,COC1=C(C=C(C=C1)C=CC(=C)C2=CC(=C(C(=C2)OC)OC)OC)N,0.56,inhibitor
145984534,CC1C(C(C(C(O1)OC2C(C(COC2OC3CCC4(C(C3(C)C)CCC5(C4CC=C6C5(CCC7(C6CC(CC7)(C)C)C(=O)NCC8=CN(N=N8)C9=CC(=CC=C9)F)C)C)C)OC1C(C(C(C(O1)CO)O)O)O)O)O)O)O,0.72,inhibitor
44561979,CCCCC1=CC(=C(C=C1C(=O)C=CC2=CC=C(C=C2)C(=O)O)C34CC5CC(C3)CC(C5)C4)OCOCCOC,0.74,inhibitor
137654509,CC=C(CO)C1CC2C3=C(CC4C1(C(=O)N24)COC)C5=CC=CC=C5N3,0.74,inhibitor
44562043,COCCOCOC1=C(C=C(C(=C1)CC#C)C(=O)C=CC2=CC=C(C=C2)C(=O)O)C34CC5CC(C3)CC(C5)C4,0.76,inhibitor
137661644,CC=C(C1=CC(=C(C(=C1)OC)OC)OC)C(=CC2=CC(=C(C=C2)OC)O)C,0.789,inhibitor
53387509,CCC(C)C(C(=O)N1CC2=C(CC1C(=O)NC3=CC=C(C=C3)OC)C=CC(=C2)OCC(=O)NO)NC(=O)CC(C)(C)C,0.83,inhibitor
11622076,CC1C(C(C(C(O1)OC2C(C(COC2OC3CCC4(C(C3(C)C)CCC5(C4CC=C6C5(CCC7(C6CC(CC7)(C)C)C(=O)O)C)C)C)OC8C(C(C(C(O8)CO)O)O)O)O)O)O)O,0.85,inhibitor
137641740,CCC(CC)(CCOC1=C(C=C(C=C1)C(CC)(CC)C2=CC=C(N2CC)C(=O)NCCN(C)C)C)O,0.87,inhibitor
137634240,COC1=C(C=CC(=C1)C=CC(=O)NO)OCC(CC2=CNC3=CC=CC=C32)NC(=O)C4=CC(=CC=C4)Cl,1,inhibitor
137640291,COC1=CC=C(C=C1)C(=O)NC(CC2=CNC3=CC=CC=C32)COC4=C(C=C(C=C4)C=CC(=O)NO)OC,1,inhibitor
155514191,C1=CC(=CC=C1NC2=NC(=NC=C2Cl)NC3=CNN=C3)F,1.03,inhibitor
155522806,C1=CC(=CC(=C1)Cl)NC2=NC(=NC=C2Cl)NC3=CNN=C3,1.08,inhibitor
137648185,CC1=CC=C(C=C1)C(=O)NC(CC2=CNC3=CC=CC=C32)COC4=C(C=C(C=C4)C=CC(=O)NO)OC,1.09,inhibitor
155526590,C1=CC=C(C(=C1)NC2=NC(=NC=C2Cl)NC3=CNN=C3)Cl,1.13,inhibitor
44562042,COCCOCOC1=C(C=C(C(=C1)CC=C)C(=O)C=CC2=CC=C(C=C2)C(=O)O)C34CC5CC(C3)CC(C5)C4,1.16,inhibitor
44562080,COC1=C(C=CC(=C1)C=CC2=CC=C(O2)C(=O)NO)OCC3=CC=CC=C3,1.2,inhibitor
137650130,COC1=C(C=CC(=C1)C=CC(=O)NO)OCC(CC2=CNC3=CC=CC=C32)NC(=O)C4=CC=C(C=C4)Br,1.25,inhibitor
44562044,COCCOCOC1=C(C=C(C(=C1)CC2=CC=CC=C2)C(=O)C=CC3=CC=C(C=C3)C(=O)O)C45CC6CC(C4)CC(C6)C5,1.27,inhibitor
137659898,C1COC2(O1)C3=C(C=CC(=C3)Br)N(C2=O)CC(=O)NC4=CC=C(C=C4)C(=O)NC5=CC=CC=C5N,1.27,inhibitor
44561980,CCCCCC1=CC(=C(C=C1C(=O)C=CC2=CC=C(C=C2)C(=O)O)C34CC5CC(C3)CC(C5)C4)OCOCCOC,1.31,inhibitor
44561978,CCCC1=CC(=C(C=C1C(=O)C=CC2=CC=C(C=C2)C(=O)O)C34CC5CC(C3)CC(C5)C4)OCOCCOC,1.32,inhibitor
44561974,C1=CC(=CC=C1C(=O)C=CC2=CC=C(O2)C=CC(=O)NO)Cl,1.35,inhibitor
44561981,CCCCCCC1=CC(=C(C=C1C(=O)C=CC2=CC=C(C=C2)C(=O)O)C34CC5CC(C3)CC(C5)C4)OCOCCOC,1.35,inhibitor
127026516,CC(C)CN1C=NC2=C(N=C(N=C21)Cl)NCCCCCCC(=O)NO,1.38,inhibitor
9826896,COCCOCOC1=C(C=C(C=C1)C(=O)C=CC2=CC=C(C=C2)C(=O)O)C34CC5CC(C3)CC(C5)C4,1.48,inhibitor
137658922,CCC(CC)(CCOC1=C(C=C(C=C1)C(CC)(CC)C2=CC=C(N2CC)C(=O)NCCCN3CCOCC3)C)O,1.57,inhibitor
44561977,CCC1=CC(=C(C=C1C(=O)C=CC2=CC=C(C=C2)C(=O)O)C34CC5CC(C3)CC(C5)C4)OCOCCOC,1.86,inhibitor
122182040,C1COC2(C3=C(C=CC(=C3)Br)N(C2=O)CCC(=O)NC4=CC=C(C=C4)C(=O)NO)OC1,1.91,inhibitor
145993487,CN1CCC2=CC(=C3C=C2C1CC4=CC=C(C=C4)OC5=C(C=C(C(=C5)CC6C7=C(O3)C(=C(C=C7CCN6C)OC)OC)NS(=O)(=O)C8=CC=CC(=C8)[N+](=O)[O-])OC)OC,1.94,inhibitor
137656747,COC1=C(C=CC(=C1)C=CC(=O)C2=CC=CC=C2O)OCCCN3CCCCC3,1.95,inhibitor
155564157,C1=CC=C2C(=C1)C(=CN2)CC(C(=O)NC3=CC=C(C=C3)Cl)NC(=O)C4=CC=C(C=C4)C=CC(=O)NO,1.96,inhibitor
127048211,COC1=CC=C(C=C1)C2=NN(C=C2C(=O)C=CNC3=CC=C(C=C3)O)C4=CC=CC=C4,1.98,inhibitor
155569352,C1=CC=C2C(=C1)C(=CN2)CC(C(=O)NC3=CC(=CC=C3)Br)NC(=O)C4=CC=C(C=C4)C=CC(=O)NO,2,inhibitor
145989388,CC(=O)C=CC1=CC(=C(C=C1)OCC2=CN(N=N2)C3=CC=C(C=C3)OC)OC,2.013,inhibitor
145987070,CC(=O)C=CC1=CC(=C(C=C1)OCC2=CN(N=N2)C3=CC=CC=C3OC)OC,2.045,inhibitor
137641302,CCC(CC)(CCOC1=C(C=C(C=C1)C(CC)(CC)C2=CC=C(N2CC)C(=O)NCCCN(C)C)C)O,2.15,inhibitor
137660847,CCC(CC)(CCOC1=C(C=C(C=C1)C(CC)(CC)C2=CC=C(N2CC)C(=O)N(C)CC(=O)O)C)O,2.25,inhibitor
44561972,CC(C)C1=CC=C(C=C1)C(=O)C=CC2=CC=C(O2)C=CC(=O)NO,2.27,inhibitor
155538693,COC1=CC=C(C=C1)NC2=NC(=NC=C2Cl)NC3=CNN=C3,2.3,inhibitor
155567814,C1=CC=C2C=C(C=CC2=C1)NC(=O)C(CC3=CNC4=CC=CC=C43)NC(=O)C5=CC=C(C=C5)C=CC(=O)NO,2.34,inhibitor
44562045,COCCOCOC1=C(C=C(C(=C1)CC=CC2=CC=CC=C2)C(=O)C=CC3=CC=C(C=C3)C(=O)O)C45CC6CC(C4)CC(C6)C5,2.36,inhibitor
137648641,CCC(CC)(CCOC1=C(C=C(C=C1)C(CC)(CC)C2=CC=C(N2CC)C(=O)NCCN)C)O,2.42,inhibitor
25053606,COCCOCOC1=C(C=C(C(=C1)O)C(=O)C=CC2=CC=C(C=C2)C(=O)O)C34CC5CC(C3)CC(C5)C4,2.51,inhibitor
155537581,C1=CC(=CC=C1NC2=NC(=NC=C2Cl)NC3=CNN=C3)Cl,2.57,inhibitor
127050793,C1=CC=C(C=C1)N2C=C(C(=N2)C3=CC=C(C=C3)F)C(=O)C=CNC4=CC=C(C=C4)O,2.6,inhibitor
130422855,CN1CCC2=CC(=C3C=C2C1CC4=CC=C(C=C4)OC5=C(C=C(C(=C5)CC6C7=C(O3)C(=C(C=C7CCN6C)OC)OC)N)OC)OC,2.67,inhibitor
127027767,C1=CC=C(C=C1)CN2C=NC3=C(N=C(N=C32)Cl)NCCCCCC(=O)NO,2.83,inhibitor
145955331,CC12CC(C3C(C1CCC2OCOC)CCC4=C3C=CC(=C4)OCOC)OC(=O)C5=CC=C(C=C5)NC(=O)CN6CCN(CC6)C,2.85,inhibitor
137654517,C1=CC2=C(C(=C1)Cl)N=C(C=C2)CNCC3=CC=C(C=C3)C=CC(=O)NO,2.92,inhibitor
145989655,CN1CCC2=CC(=C3C=C2C1CC4=CC=C(C=C4)OC5=C(C=C(C(=C5)CC6C7=C(O3)C(=C(C=C7CCN6C)OC)OC)NS(=O)(=O)C8=CC=C(C=C8)Cl)OC)OC,2.97,inhibitor
145979046,CC(=O)C=CC1=CC(=C(C=C1)OCC2=CN(N=N2)C3=C(C=CC=C3Cl)Cl)OC,3.073,inhibitor
137651729,C1=CC=C2C(=C1)C=CC(=N2)CNCC3=CC=C(C=C3)C=CC(=O)NO,3.08,inhibitor
155551917,C1=CC=C2C(=C1)C(=CN2)CC(C(=O)NC3=CC=C(C=C3)Br)NC(=O)C4=CC=C(C=C4)C=CC(=O)NO,3.08,inhibitor
137634840,CCC(CC)(CCOC1=C(C=C(C=C1)C(CC)(CC)C2=CC=C(N2CC)C(=O)N(C)CCO)C)O,3.09,inhibitor
137643415,COC1=CC(=C(C(=C1)OC)C=CC(=O)C=CC2=CNC3=CC=CC=C32)OC,3.12,inhibitor
137634331,COC1=CC(=CC(=C1OC)OC)C=CC(=O)C=CC2=CNC3=CC=CC=C32,3.15,inhibitor
44562079,CN(C)C1=CC=C(C=C1)C=CC2=CC=C(O2)C(=O)NO,3.2,inhibitor
155559200,C1=CC=C2C(=C1)C(=CN2)CC(C(=O)NC3=CC=C(C=C3)I)NC(=O)C4=CC=C(C=C4)C=CC(=O)NO,3.22,inhibitor
132569672,C1COC2(C3=C(C=CC(=C3)Cl)N(C2=O)CCC(=O)NC4=CC=C(C=C4)C(=O)NC5=CC=CC=C5N)OC1,3.23,inhibitor
145992143,CN1CCC2=CC(=C3C=C2C1CC4=CC=C(C=C4)OC5=C(C=C(C(=C5)CC6C7=C(O3)C(=C(C=C7CCN6C)OC)OC)NS(=O)(=O)C8=CC=C(C=C8)F)OC)OC,3.24,inhibitor
145990716,CC1=CC(=C(C(=C1)C)S(=O)(=O)NC2=CC(=C3C=C2CC4C5=C(C(=C(C=C5CCN4C)OC)OC)OC6=C(C=C7CCN(C(C7=C6)CC8=CC=C(O3)C=C8)C)OC)OC)C,3.29,inhibitor
137662182,CCC(CC)(CCOC1=C(C=C(C=C1)C(CC)(CC)C2=CC=C(N2CC)C(=O)NCCN(CC)CC)C)O,3.35,inhibitor
145987138,CN1CCC2=CC(=C3C=C2C1CC4=CC=C(C=C4)OC5=C(C=C(C(=C5)CC6C7=C(O3)C(=C(C=C7CCN6C)OC)OC)NS(=O)(=O)C)OC)OC,3.37,inhibitor
145983670,CN1CCC2=CC(=C3C=C2C1CC4=CC=C(C=C4)OC5=C(C=C(C(=C5)CC6C7=C(O3)C(=C(C=C7CCN6C)OC)OC)NS(=O)(=O)C8=CC(=CC(=C8)Cl)Cl)OC)OC,3.41,inhibitor
145988252,CN1CCC2=CC(=C3C=C2C1CC4=CC=C(C=C4)OC5=C(C=C(C(=C5)CC6C7=C(O3)C(=C(C=C7CCN6C)OC)OC)NS(=O)(=O)C8=CC(=CC=C8)Br)OC)OC,3.47,inhibitor
137656094,COC1=CC=C(C=C1)C=CC(=O)C=CC2=CNC3=CC=CC=C32,3.51,inhibitor
155551054,C1=CC=C2C(=C1)C(=CN2)CC(C(=O)NC3=CC=C(C=C3)Cl)NC(=O)C4=CC=CC(=C4)C=CC(=O)NO,3.51,inhibitor
145979603,COC1=CC=C(C=C1)CN(C2=CC(=C(C(=C2)OC)OC)OC)C(=O)CSC3=NC4=CC=CC=C4O3,3.53,inhibitor
5351344,COC1=C(C=C(C=C1)C=CC2=CC(=C(C(=C2)OC)OC)OC)O,3.53,inhibitor
118716316,C1=CSC(=C1)C2=NN=C(S2)NC(=O)CCCCCCC(=O)NO,3.6,inhibitor
127051687,C1=CC=C(C=C1)C2=NN(C=C2C(=O)C=CNC3=CC=C(C=C3)O)C4=CC=CC=C4,3.6,inhibitor
137641414,COC1=CC2=C(C=C1)N=C(C=C2)CNCC3=CC=C(C=C3)C=CC(=O)NO,3.7,inhibitor
145960305,CC12CC(C3C(C1CCC2OC)CCC4=CC(=C(C=C34)OC)OC)OC(=O)C5=CC=C(C=C5)NC(=O)CN6CCCC6,3.74,inhibitor
145983092,CC1(CCCC23C1CC(C45C2C(CC(C4O)C(=C)C5=O)O)OC3OCCN6C=C(N=N6)CC7CC7)C,3.79,inhibitor
127050791,C1=CC=C(C=C1)N2C=C(C(=N2)C3=CC=C(C=C3)F)C(=O)C=CNC4=CC=C(C=C4)Cl,3.8,inhibitor
145990755,CN1CCC2=CC(=C3C=C2C1CC4=CC=C(C=C4)OC5=C(C=C(C(=C5)CC6C7=C(O3)C(=C(C=C7CCN6C)OC)OC)NS(=O)(=O)C8=CC=C(C=C8)C(F)(F)F)OC)OC,3.81,inhibitor
118720522,COC1=CC=C(C=C1)C(=O)NC(CC2=CNC3=CC=CC=C32)COC4=CC=CC(=C4)C=CC(=O)NO,3.88,inhibitor
127048509,COC1=CC=C(C=C1)C2=NN(C=C2C(=O)C=CNC3=CC=C(C=C3)Cl)C4=CC=CC=C4,3.89,inhibitor
127049540,C1=CC=C(C=C1)N2C=C(C(=N2)C3=CC=C(C=C3)Cl)C(=O)C=CNC4=CC=C(C=C4)Cl,3.89,inhibitor
145985246,CC1(CCCC23C1CC(C45C2C(CC(C4O)C(=C)C5=O)O)OC3OCC#C)C,3.92,inhibitor
145982791,CC1C(C(C(C(O1)OC2C(C(COC2OC3CCC4(C(C3(C)C)CCC5(C4CC=C6C5(CCC7(C6CC(CC7)(C)C)C(=O)NCC8=CN(N=N8)C9=CC=CC(=C9)C)C)C)C)OC1C(C(C(C(O1)CO)O)O)O)O)O)O)O,3.93,inhibitor
145982065,CN1CCC2=CC(=C3C=C2C1CC4=CC=C(C=C4)OC5=C(C=C(C(=C5)CC6C7=C(O3)C(=C(C=C7CCN6C)OC)OC)NS(=O)(=O)C8=CC9=CC=CC=C9C=C8)OC)OC,3.96,inhibitor
145984506,CC1C(C(C(C(O1)OC2C(C(COC2OC3CCC4(C(C3(C)C)CCC5(C4CC=C6C5(CCC7(C6CC(CC7)(C)C)C(=O)NCC8=CN(N=N8)C9=CC=C(C=C9)C(F)(F)F)C)C)C)OC1C(C(C(C(O1)CO)O)O)O)O)O)O)O,3.98,inhibitor
145979755,CN1CCC2=CC(=C3C=C2C1CC4=CC=C(C=C4)OC5=C(C=C(C(=C5)CC6C7=C(O3)C(=C(C=C7CCN6C)OC)OC)NS(=O)(=O)C8=CC=C(C=C8)Br)OC)OC,3.98,inhibitor
145991940,CN1CCC2=CC(=C3C=C2C1CC4=CC=C(C=C4)OC5=C(C=C(C(=C5)CC6C7=C(O3)C(=C(C=C7CCN6C)OC)OC)NS(=O)(=O)C8=CC=CC(=C8)OC)OC)OC,3.99,inhibitor
145983873,CC1(CCCC23C1CC(C45C2C(CC(C4O)C(=C)C5=O)O)OC3OCCC6=CN(N=N6)CC7=CC=C(C=C7)Cl)C,4.02,inhibitor
127033014,C1CCN(CC1)CC(=O)N2C(CC(=N2)C3=CC=CC=C3)C4=CC5=CC=CC=C5OC4=O,4.12,inhibitor
145954716,COC1=CC2=C(C=C1)SC(=N2)NC(=O)CN3C=C(C4=CC=CC=C43)C(=O)C(=O)N5CCCCC5,4.2,inhibitor
137636363,CCC=C(C1=CC(=C(C(=C1)OC)OC)OC)C(=CC2=CC(=C(C=C2)OC)O)C,4.23,inhibitor
145951184,CC12CC(C3C(C1CCC2OC)CCC4=CC(=C(C=C34)OC)OC)OC(=O)C5=CC=C(C=C5)NC(=O)CN6CCN(CC6)C,4.29,inhibitor
56673771,CC(C)CC(C(=O)N1CC2(CC1C(=O)NCCCCCC(=O)NO)SCCS2)NC(=O)OC(C)(C)C,4.3,inhibitor
145981119,CN1CCC2=CC(=C3C=C2C1CC4=CC=C(C=C4)OC5=C(C=C(C(=C5)CC6C7=C(O3)C(=C(C=C7CCN6C)OC)OC)NS(=O)(=O)C8=CC=CC9=C8N=CC=C9)OC)OC,4.3,inhibitor
137658952,C1=CC(=CC=C1CNCC2=NC3=C(C=C2)C=C(C=C3)Cl)C=CC(=O)NO,4.35,inhibitor
145983479,CC1(CCCC23C1CC(C45C2C(CC(C4O)C(=C)C5=O)O)OC3OCCC6=CN(N=N6)CC7=CC=CC=C7Cl)C,4.37,inhibitor
90465905,C1COC2(C3=C(C=CC(=C3)Br)N(C2=O)CC(=O)NC4=CC=C(C=C4)C(=O)NC5=CC=CC=C5N)OC1,4.43,inhibitor
127049542,C1=CC=C(C=C1)N2C=C(C(=N2)C3=CC=C(C=C3)Cl)C(=O)C=CNC4=CC=C(C=C4)O,4.43,inhibitor
145989378,CN1CCC2=CC(=C3C=C2C1CC4=CC=C(C=C4)OC5=C(C=C(C(=C5)CC6C7=C(O3)C(=C(C=C7CCN6C)OC)OC)NS(=O)(=O)C8=CC=C(C=C8)[N+](=O)[O-])OC)OC,4.44,inhibitor
145993365,CN1CCC2=CC(=C3C=C2C1CC4=CC=C(C=C4)OC5=C(C=C(C(=C5)CC6C7=C(O3)C(=C(C=C7CCN6C)OC)OC)NS(=O)(=O)C8=CC=CC=C8)OC)OC,4.44,inhibitor
155520390,C1=CC=C(C=C1)NC2=NC(=NC3=C2C=CN3)NC4=CNN=C4,4.47,inhibitor
137643703,CCCC=C(C1=CC(=C(C(=C1)OC)OC)OC)C(=CC2=CC(=C(C=C2)OC)O)C,4.512,inhibitor
155538841,CC1=CC(=C(C(=C1)C)NC(=O)C(CC2=CNC3=CC=CC=C32)NC(=O)C4=CC=C(C=C4)C=CC(=O)NO)C,4.58,inhibitor
127050794,COC1=CC=C(C=C1)NC=CC(=O)C2=CN(N=C2C3=CC=C(C=C3)F)C4=CC=CC=C4,4.6,inhibitor
127052331,COC1=CC(=CC(=C1OC)OC)C2=NN(C=C2C(=O)C=CNC3=CC=C(C=C3)O)C4=CC=CC=C4,4.6,inhibitor
137632660,COC1=CC=CC2=C1N=C(C=C2)CNCC3=CC=C(C=C3)C=CC(=O)NO,4.6,inhibitor
145986648,CN1CCC2=CC(=C3C=C2C1CC4=CC=C(C=C4)OC5=C(C=C(C(=C5)CC6C7=C(O3)C(=C(C=C7CCN6C)OC)OC)NS(=O)(=O)C8=CC=CC=C8Cl)OC)OC,4.63,inhibitor
145972296,CC1(C2=CC=CC=C2[N+](=C1C=CC3=C(C(=CC=C4C(C5=CC=CC=C5N4C)(C)C)CCC3)NCCO)C)C.[I-],4.73,inhibitor
145992000,CC(=O)NC1=CC=C(C=C1)S(=O)(=O)NC2=CC(=C3C=C2CC4C5=C(C(=C(C=C5CCN4C)OC)OC)OC6=C(C=C7CCN(C(C7=C6)CC8=CC=C(O3)C=C8)C)OC)OC,4.75,inhibitor
137635997,CC1=CC(=NN1CCCOC2=C(C=C(C=C2)C=CC(=O)C3=CC=C(C=C3)OC)OC)C,4.78,inhibitor
137656290,C1COC2(C3=C(C=CC(=C3)Br)N(C2=O)CCC(=O)NC4=CC=C(C=C4)C(=O)NC5=CC=CC=C5N)OC1,4.82,inhibitor
145989146,CC(C)(C)C1=CC=C(C=C1)S(=O)(=O)NC2=CC(=C3C=C2CC4C5=C(C(=C(C=C5CCN4C)OC)OC)OC6=C(C=C7CCN(C(C7=C6)CC8=CC=C(O3)C=C8)C)OC)OC,4.86,inhibitor
127049538,COC1=CC(=CC(=C1OC)OC)NC=CC(=O)C2=CN(N=C2C3=CC=C(C=C3)F)C4=CC=CC=C4,4.89,inhibitor
145982749,CC1=CC=C(C=C1)CN2C=C(N=N2)CCOC3C45CCCC(C4CC(O3)C67C5C(CC(C6O)C(=C)C7=O)O)(C)C,4.9,inhibitor
145982617,CC1(CCCC23C1CC(C45C2C(CC(C4O)C(=C)C5=O)O)OC3OCCC6=CN(N=N6)CC7=CC=C(C=C7)OC)C,4.95,inhibitor
25126798,C1CCC(C1)C(CC#N)N2C=C(C=N2)C3=C4C=CNC4=NC=N3,5,inhibitor
145985039,CC1C(C(C(C(O1)OC2C(C(COC2OC3CCC4(C(C3(C)C)CCC5(C4CC=C6C5(CCC7(C6CC(CC7)(C)C)C(=O)NCC8=CN(N=N8)C9=CC=CC=C9C)C)C)C)OC1C(C(C(C(O1)CO)O)O)O)O)O)O)O,5.03,inhibitor
137638408,COC1=C(C=CC(=C1)C=CC(=O)C2=C(C=C(C=C2)Cl)Cl)OCCN3CCOCC3,5.12,inhibitor
145982258,CCCCS(=O)(=O)NC1=CC(=C2C=C1CC3C4=C(C(=C(C=C4CCN3C)OC)OC)OC5=C(C=C6CCN(C(C6=C5)CC7=CC=C(O2)C=C7)C)OC)OC,5.19,inhibitor
127050138,C1=CC=C(C=C1)C2=NN(C=C2C(=O)C=CNC3=CC=C(C=C3)Cl)C4=CC=CC=C4,5.2,inhibitor
145974285,CC1(C2=CC=CC=C2[N+](=C1C=CC3=C(C(=CC=C4C(C5=CC=CC=C5N4C)(C)C)CCC3)OC6=CC=NC=C6)C)C.[I-],5.22,inhibitor
145982958,CC1C(C(C(C(O1)OC2C(C(COC2OC3CCC4(C(C3(C)C)CCC5(C4CC=C6C5(CCC7(C6CC(CC7)(C)C)C(=O)NCC8=CN(N=N8)C9=CC=CC=C9Cl)C)C)C)OC1C(C(C(C(O1)CO)O)O)O)O)O)O)O,5.28,inhibitor
145983739,CC1C(C(C(C(O1)OC2C(C(COC2OC3CCC4(C(C3(C)C)CCC5(C4CC=C6C5(CCC7(C6CC(CC7)(C)C)C(=O)NCC8=CN(N=N8)C9=CC=CC=C9Br)C)C)C)OC1C(C(C(C(O1)CO)O)O)O)O)O)O)O,5.29,inhibitor
5978,CCC1(CC2CC(C3=C(CCN(C2)C1)C4=CC=CC=C4N3)(C5=C(C=C6C(=C5)C78CCN9C7C(C=CC9)(C(C(C8N6C=O)(C(=O)OC)O)OC(=O)C)CC)OC)C(=O)OC)O,5.31,inhibitor
145985202,CCCCCCCCC1=CN(N=N1)CCOC2C34CCCC(C3CC(O2)C56C4C(CC(C5O)C(=C)C6=O)O)(C)C,5.32,inhibitor
137637312,COC=C(C=CC1=CC(=C(C=C1)OC)O)C2=CC(=C(C(=C2)OC)OC)OC,5.325,inhibitor
155548623,C1=CC=C(C=C1)NC2=NC(=NC=C2Cl)NC3=CNN=C3,5.38,inhibitor
145979656,CC(C)C1=CC(=C(C(=C1)C(C)C)S(=O)(=O)NC2=CC(=C3C=C2CC4C5=C(C(=C(C=C5CCN4C)OC)OC)OC6=C(C=C7CCN(C(C7=C6)CC8=CC=C(O3)C=C8)C)OC)OC)C(C)C,5.46,inhibitor
91989956,COC1=C(C=C(C=C1)C=CC(=O)C=CC2=CNC3=CC=CC=C32)OC,5.52,inhibitor
145993918,COC1=CC=C(C=C1)CN(C2=CC(=C(C(=C2)OC)OC)OC)C(=O)CSC3=NN=CS3,5.53,inhibitor
145985270,CC1C(C(C(C(O1)OC2C(C(COC2OC3CCC4(C(C3(C)C)CCC5(C4CC=C6C5(CCC7(C6CC(CC7)(C)C)C(=O)NCC8=CN(N=N8)C9=CC=C(C=C9)[N+](=O)[O-])C)C)C)OC1C(C(C(C(O1)CO)O)O)O)O)O)O)O,5.56,inhibitor
145982326,CN1CCC2=CC(=C3C=C2C1CC4=CC=C(C=C4)OC5=C(C=C(C(=C5)CC6C7=C(O3)C(=C(C=C7CCN6C)OC)OC)NS(=O)(=O)C(F)(F)F)OC)OC,5.57,inhibitor
145984287,CC1C(C(C(C(O1)OC2C(C(COC2OC3CCC4(C(C3(C)C)CCC5(C4CC=C6C5(CCC7(C6CC(CC7)(C)C)C(=O)NCC8=CN(N=N8)C9=CC=C(C=C9)Cl)C)C)C)OC1C(C(C(C(O1)CO)O)O)O)O)O)O)O,5.64,inhibitor
41867,CC1C(C(CC(O1)OC2CC(CC3=C2C(=C4C(=C3O)C(=O)C5=C(C4=O)C(=CC=C5)OC)O)(C(=O)CO)O)N)O,5.7,inhibitor
127048209,COC1=CC=C(C=C1)C2=NN(C=C2C(=O)C=CNC3=CC=C(C=C3)F)C4=CC=CC=C4,5.73,inhibitor
145979704,CN1CCC2=CC(=C3C=C2C1CC4=CC=C(C=C4)OC5=C(C=C(C(=C5)CC6C7=C(O3)C(=C(C=C7CCN6C)OC)OC)NS(=O)(=O)C8=CN=C(C=C8)Cl)OC)OC,5.76,inhibitor
145982580,CC1C(C(C(C(O1)OC2C(C(COC2OC3CCC4(C(C3(C)C)CCC5(C4CC=C6C5(CCC7(C6CC(CC7)(C)C)C(=O)NCC8=CN(N=N8)C9=CC=C(C=C9)F)C)C)C)OC1C(C(C(C(O1)CO)O)O)O)O)O)O)O,5.78,inhibitor
137636693,CCC(CC)(CCOC1=C(C=C(C=C1)C(CC)(CC)C2=CC=C(N2CC)C(=O)NC(CC(=O)OC)C(=O)OCC)C)O,5.84,inhibitor
73078,CN1CCC2=CC(=C3C=C2C1CC4=CC=C(C=C4)OC5=C(C=CC(=C5)CC6C7=C(O3)C(=C(C=C7CCN6C)OC)OC)OC)OC,5.86,inhibitor
145979099,CN1CCC2=CC(=C3C=C2C1CC4=CC=C(C=C4)OC5=C(C=C(C(=C5)CC6C7=C(O3)C(=C(C=C7CCN6C)OC)OC)NS(=O)(=O)C8=CC=CC=C8F)OC)OC,5.89,inhibitor
127050477,COC1=CC(=CC(=C1OC)OC)NC=CC(=O)C2=CN(N=C2C3=CC=CC=C3)C4=CC=CC=C4,5.93,inhibitor
145976611,CC1(C2=CC=CC=C2[N+](=C1C=CC3=C(C(=CC=C4C(C5=CC=CC=C5N4C)(C)C)CCC3)SCCN(C)C)C)C.[I-],6.04,inhibitor
127025971,CC1(C2CCC3(C(C2(CCC1OC(=O)C(CCCN=C(N)N)N)C)CC(C4C3(CCC4C(C)(CCCC(C)(C)O)O)C)O)C)C,6.1,inhibitor
145953534,CCOC(=O)C1=C(SC(=N1)NC(=O)CN2C=C(C3=CC=CC=C32)C(=O)C(=O)NC4=CC=CC=C4)C,6.1,inhibitor
137652994,COC1=C(C=CC(=C1)C=CC(=O)C2=CC=C(C=C2)C(F)(F)F)OCCN3CCOCC3,6.17,inhibitor
145986149,CC1C(C(C(C(O1)OC2C(C(COC2OC3CCC4(C(C3(C)C)CCC5(C4CC=C6C5(CCC7(C6CC(CC7)(C)C)C(=O)NCC8=CN(N=N8)C9=CC=CC(=C9)C(=O)C)C)C)C)OC1C(C(C(C(O1)CO)O)O)O)O)O)O)O,6.28,inhibitor
137631998,COC1=CC(=C(C=C1)OC)C=CC(=O)C=CC2=CNC3=CC=CC=C32,6.34,inhibitor
127051688,COC1=CC=C(C=C1)NC=CC(=O)C2=CN(N=C2C3=CC=CC=C3)C4=CC=CC=C4,6.4,inhibitor
155554623,C1=CC=C(C=C1)N2C=C(C(=N2)C3=CC=CC=C3Cl)C4=NN(N=N4)CC(=O)O,6.43,inhibitor
132519435,CC1=C(SC(=C1C(=O)C2=CC(=C(C(=C2)OC)OC)OC)C#CC3=CC=CC=C3)C,6.49,inhibitor
145949629,CC12CC(C3C(C1CCC2OC)CCC4=C3C=CC(=C4)OC)OC(=O)C5=CC=C(C=C5)NC(=O)CN(C)C,6.49,inhibitor
145988483,CCCS(=O)(=O)NC1=CC(=C2C=C1CC3C4=C(C(=C(C=C4CCN3C)OC)OC)OC5=C(C=C6CCN(C(C6=C5)CC7=CC=C(O2)C=C7)C)OC)OC,6.64,inhibitor
130422777,CN1CCC2=CC(=C3C=C2C1CC4=CC=C(C=C4)OC5=C(C=C(C(=C5)CC6C7=C(O3)C(=C(C=C7CCN6C)OC)OC)[N+](=O)[O-])OC)OC,6.81,inhibitor
137640036,COC1=C(C=CC(=C1)C=CC(=O)C2=CC=C(C=C2)Cl)OCCCCN3CCCCC3,6.84,inhibitor
127039213,CC(C)N1C=NC2=C(N=C(N=C21)N)NCCCCCCC(=O)NO,6.86,inhibitor
137648198,CCC(CC)(CCOC1=C(C=C(C=C1)C(CC)(CC)C2=CC=C(N2CC)C(=O)N(C)CC(=O)OCC)C)O,7.14,inhibitor
155534711,COC1=CC=C(C=C1)C2=NN(C=C2C3=NN(N=N3)CC(=O)O)C4=CC=CC=C4,7.23,inhibitor
155531632,COC1=CC=CC=C1C2=NN(C=C2C3=NN(N=N3)CC(=O)O)C4=CC=CC=C4,7.23,inhibitor
155527025,CC1=CC=C(C=C1)C2=NN(C=C2C3=NN(N=N3)CC(=O)O)C4=CC=CC=C4,7.23,inhibitor
137640482,COC1=C(C=CC(=C1)C=CC(=O)C2=C(C=C(C=C2)Cl)Cl)OCCCCN3CCCCC3,7.29,inhibitor
145981231,CN1CCC2=CC(=C3C=C2C1CC4=CC=C(C=C4)OC5=C(C=C(C(=C5)CC6C7=C(O3)C(=C(C=C7CCN6C)OC)OC)NS(=O)(=O)C8=CC=CC=C8[N+](=O)[O-])OC)OC,7.303,inhibitor
155567947,CC1(C2CCC3(C(C2(CCC1OC(=O)C4=CC(=CC(=C4)[N+](=O)[O-])[N+](=O)[O-])C)CC(C5C3(CCC5C(C)(CCCC(C)(C)OC)O)C)O)C)C,7.5,inhibitor
145991314,COC1=CC=C(C=C1)CN(C2=CC(=C(C(=C2)OC)OC)OC)C(=O)CSC3=CC=CC=N3,7.51,inhibitor
137639943,COC1=C(C=CC(=C1)C=CC(=O)C2=CC=C(C=C2)Br)OCCCCN3CCCCC3,7.54,inhibitor
71614082,CC(C(=O)OC1CCC2(C(C1(C)C)CCC3(C2CC(C4C3(CCC4C(C)(CCCC(C)(C)O)O)C)O)C)C)N,7.6,inhibitor
127052010,COC1=CC(=CC(=C1OC)OC)C2=NN(C=C2C(=O)C=CNC3=CC=C(C=C3)F)C4=CC=CC=C4,7.7,inhibitor
118716314,C1=CN=CC=C1C2=NN=C(S2)NC(=O)CCCCCCC(=O)NO,7.75,inhibitor
9905484,COC1=CC=C(C=C1)C=CC(=O)C2=CC(=C(C(=C2)OC)OC)OC,7.8,inhibitor
137643553,CCC(CC)(CCOC1=C(C=C(C=C1)C(CC)(CC)C2=CC=C(N2CC)C(=O)NC(C)CO)C)O,7.87,inhibitor
137651888,COC1=CC=C(C=C1)C(=O)C=CC2=CC(=C(C=C2)OCCCN3CCOCC3)OC,7.89,inhibitor
127025686,CC(C)CC(C(=O)OC1CCC2(C(C1(C)C)CCC3(C2CC(C4C3(CCC4C(C)(CCCC(C)(C)O)O)C)O)C)C)N,7.9,inhibitor
127050790,C1=CC=C(C=C1)N2C=C(C(=N2)C3=CC=C(C=C3)F)C(=O)C=CNC4=CC=C(C=C4)F,7.9,inhibitor
90465904,C1COC2(C3=C(C=CC(=C3)Br)N(C2=O)CCCC(=O)NC4=CC=C(C=C4)C(=O)NO)OC1,7.93,inhibitor
145984131,CC12CCC3=C(C1=CCC4C2CCC5(C4CCC5(CC6=CC=CC=N6)O)C)C=CC=N3,7.93,inhibitor
118716313,C1=CC(=CN=C1)C2=NN=C(S2)NC(=O)CCCCCCC(=O)NO,7.98,inhibitor
127050137,C1=CC=C(C=C1)C2=NN(C=C2C(=O)C=CNC3=CC=C(C=C3)F)C4=CC=CC=C4,7.98,inhibitor
44228659,C1=CC=C(C=C1)NC(=O)CCCCCCC(=O)NC2=CC=CC=C2C(=O)NO,8.17,inhibitor
137658340,COC1=C(C=CC(=C1)C=CC(=O)C2=C(C=C(C=C2)Cl)Cl)OCCCN3CCCC4=CC=CC=C43,8.17,inhibitor
145962159,CCOC(=O)C1=C(SC(=N1)NC(=O)CN2C=C(C3=CC=CC=C32)C(=O)C(=O)N4CCCCC4)C,8.2,inhibitor
118728223,CC1(CCC2C(C1CC#N)CCC3=CC(=O)CCC23C)CC#N,8.27,inhibitor
127025968,CCC(C)C(C(=O)OC1CCC2(C(C1(C)C)CCC3(C2CC(C4C3(CCC4C(C)(CCCC(C)(C)O)O)C)O)C)C)N,8.4,inhibitor
145963036,CCOC(=O)C1=C(SC(=N1)NC(=O)CN2C=C(C3=CC=CC=C32)C(=O)C(=O)NC4CC4)C,8.5,inhibitor
53387676,CCOC(=O)C1=C(C2=C(O1)C=CC(=C2)S(=O)(=O)NC3=CC=C(C=C3)F)C,8.56,inhibitor
118728224,CC1(CCC2C(C1CC#N)CCC3=C(C(=O)CCC23C)O)CC#N,8.69,inhibitor
137645203,CCC(CC)(CCOC1=C(C=C(C=C1)C(CC)(CC)C2=CC=C(N2CC)C(=O)NC(CCO)CO)C)O,8.76,inhibitor
122186706,C1=CC=C(C=C1)C2=CC3=C(C=C2)C(=O)N(S3(=O)=O)CCC(=O)NC4=CC=C(C=C4)C(=O)NO,8.79,inhibitor
127025978,CC(C(=O)OC1CC2C3(CCC(C(C3CCC2(C4(C1C(CC4)C(C)(CCCC(C)(C)O)O)C)C)(C)C)O)C)N,8.8,inhibitor
137651378,CC1CN(CC(O1)C)CCCOC2=C(C=C(C=C2)C=CC(=O)C3=C(C=C(C=C3)Cl)Cl)OC,8.87,inhibitor
137633785,COC1=C(C=CC(=C1)C=CC(=O)C2=CC=C(C=C2)Br)OCCN3CCOCC3,8.89,inhibitor
127025691,CC(C(C(=O)OC1CCC2(C(C1(C)C)CCC3(C2CC(C4C3(CCC4C(C)(CCCC(C)(C)O)O)C)O)C)C)N)O,8.9,inhibitor
137652786,COC1=C(C=CC(=C1)C=CC(=O)C2=CC=C(C=C2)Br)OCCCN3CCCCC3,8.93,inhibitor
145953258,CC12CC(C3C(C1CCC2OC)CCC4=CC(=C(C=C34)OC)OC)OC(=O)C5=CC=C(C=C5)NC(=O)CN(C)C,8.94,inhibitor
145983475,CC1C(C(C(C(O1)OC2C(C(COC2OC3CCC4(C(C3(C)C)CCC5(C4CC=C6C5(CCC7(C6CC(CC7)(C)C)C(=O)NCC8=CN(N=N8)C9=C(C=CC=C9C)C)C)C)C)OC1C(C(C(C(O1)CO)O)O)O)O)O)O)O,8.96,inhibitor
145976003,CC[N+](=C1C(=CC=C2C(C3=CC=CC=C3N2C)(C)C)CCCC1=CC=C4C(C5=CC=CC=C5N4C)(C)C)CCO.[I-],9.08,inhibitor
137632039,COC1=C(C=CC(=C1)C=CC(=O)C2=CC=CC=C2)OCCCCN3CCCCC3,9.18,inhibitor
137660766,COC1=CC=C(C=C1)C(=O)C=CC2=CC(=C(C=C2)OCCN3CCOCC3)OC,9.19,inhibitor
145975787,CC1(C2=CC=CC=C2N(C1=CC=C3CCCC(=CC=C4C(C5=CC=CC=C5N4C)(C)C)C3=[N+](C)CCO)C)C.[I-],9.23,inhibitor
76328623,C1=CSC(=C1)C(=O)NC2=CC3=C(C=C2)C(=O)N(S3(=O)=O)CCCCCC(=O)NO,9.28,inhibitor
145972974,CC1(C2=CC=CC=C2N(C1=CC=C3CCCC(=CC=C4C(C5=CC=CC=C5N4C)(C)C)C3=[N+]6CCC(CC6)CO)C)C.[I-],9.33,inhibitor
145960685,COC1=CC2=C(C=C1)SC(=N2)NC(=O)CN3C=C(C4=CC=CC=C43)C(=O)C(=O)NC5CC5,9.4,inhibitor
137646584,COC1=CC=C(C=C1)C(=O)C=CC2=CC(=C(C=C2)OCCCN3CCCCC3)OC,9.53,inhibitor
44561973,C1=CC(=CC(=C1)Cl)C(=O)C=CC2=CC=C(O2)C=CC(=O)NO,9.6,inhibitor
127052332,COC1=CC=C(C=C1)NC=CC(=O)C2=CN(N=C2C3=CC(=C(C(=C3)OC)OC)OC)C4=CC=CC=C4,9.6,inhibitor
71574594,CCOC(=O)C1=C(NC(=S)NC1C2=CC3=C(C(=C2)C)OC(=O)C(=C3)C4=CC(=C(C=C4)OC)OC)C,9.8282,inhibitor
155565889,C1=CC=C(C=C1)N2C=C(C(=N2)C3=CC=C(C=C3)Cl)C4=NN(N=N4)CC(=O)O,9.83,inhibitor
127025969,CC1(C2CCC3(C(C2(CCC1OC(=O)C(CCC(=O)O)N)C)CC(C4C3(CCC4C(C)(CCCC(C)(C)O)O)C)O)C)C,9.9,inhibitor
127048208,COC1=CC(=CC(=C1OC)OC)NC=CC(=O)C2=CN(N=C2C3=CC=C(C=C3)Cl)C4=CC=CC=C4,9.98,inhibitor
2733526,CCC(=C(C1=CC=CC=C1)C2=CC=C(C=C2)OCCN(C)C)C3=CC=CC=C3,10,inhibitor
127025690,CC1(C2CCC3(C(C2(CCC1OC(=O)C(CC4=CN=CN4)N)C)CC(C5C3(CCC5C(C)(CCCC(C)(C)O)O)C)O)C)C,10,inhibitor
137648171,C1COC2(C3=C(C=CC(=C3)Cl)N(C2=O)CC(=O)NCC4=CC=C(C=C4)C(=O)NC5=C(C=CC(=C5)C6=CC=CS6)N)OC1,10.19,inhibitor
145973861,COC1=CC=C(C=C1)C2=COC3=C(C2=O)C=CC(=C3)OCCCN4C=C(N=N4)CSC5=NC(=C(N=N5)C6=CC=CC=C6)C7=CC=CC=C7,10.23,inhibitor
155557023,C1=CC(=CC=C1NC2=NC(=NC=C2F)NC3=CNN=C3)Cl,10.38,inhibitor
145989731,CN1C(=NN=N1)SCC(=O)N(CC2=CC=C(C=C2)OC)C3=CC(=C(C(=C3)OC)OC)OC,10.54,inhibitor
145958163,CC12CC(C3C(C1CCC2OC)CCC4=C3C=CC(=C4)OC)OC(=O)C5=CC=C(C=C5)NC(=O)CN6CCCC6,10.59,inhibitor
138753555,C1=CC=C(C=C1)C2=C(N=NC(=N2)SCC3=CN(N=N3)CC4=CC=C(C=C4)F)C5=CC=CC=C5,10.63,inhibitor
127049500,COC1=CC=C(C=C1)NC=CC(=O)C2=CN(N=C2C3=CC=C(C=C3)Cl)C4=CC=CC=C4,10.65,inhibitor
73214548,CC(C)(C)OC(=O)N1CC(CC1C(=O)NC(CC2=CC=C(C=C2)Br)C(=O)NS(=O)(=O)C3=CC(=C(C=C3)Cl)[N+](=O)[O-])OC4=CC=C(C=C4)C5=CC=CC=C5,10.7,inhibitor
122182039,C1COC2(C3=C(C=CC(=C3)Br)N(C2=O)CC(=O)NC4=CC=C(C=C4)C(=O)NO)OC1,11.01,inhibitor
24894137,C1CN(CCC1(C2=CC=C(C=C2)Cl)O)CCCC(C3=CC=C(C=C3)F)OC(=O)CCCC4=CC=CC=C4,11.02,inhibitor
137651328,CCC(CC)(CCOC1=C(C=C(C=C1)C(CC)(CC)C2=CC=C(N2CC)C(=O)NC(CC(=O)O)C(=O)OC)C)O,11.17,inhibitor
118728221,CC1(CCC2C(C1CC#N)CCC3=C2C=CC(=C3)O)CC#N,11.18,inhibitor
73213546,CC(C)(C)OC(=O)N1CC(CC1C(=O)NC(CC2=CC=C(C=C2)Br)C(=O)NS(=O)(=O)C3=CC(=C(C=C3)Cl)[N+](=O)[O-])OC4=CC=C(C=C4)C5=CC=C(C=C5)Cl,11.2,inhibitor
127052011,COC1=CC(=CC(=C1OC)OC)C2=NN(C=C2C(=O)C=CNC3=CC=C(C=C3)Cl)C4=CC=CC=C4,11.2,inhibitor
145982665,CC1(CCCC23C1CC(C45C2C(CC(C4O)C(=C)C5=O)O)OC3OCCN6C=C(N=N6)CC7=CC=CC=C7)C,11.22,inhibitor
137643760,C1COC2(C3=C(C=CC(=C3)Cl)N(C2=O)CC(=O)NCC4=CC=C(C=C4)C(=O)NC5=CC=CC=C5N)OC1,11.35,inhibitor
155535543,CC1(C2CCC3(C(C2(CCC1OC(=O)C4=C(C=C(C=C4)F)F)C)CC(C5C3(CCC5C(C)(CCCC(C)(C)OC)O)C)O)C)C,11.4,inhibitor
145979292,CC12CCC3C(C1CCC2=CC4=CC=CC=N4)CC=C5C3(CCC6=C5C=CC=N6)C,11.47,inhibitor
70681848,CC12CCC(C=C1CCC3C2CCC4(C3CCC4=CC5=CC=CC=N5)C)O,11.5,inhibitor
122182038,C1CCOC2(C3=C(C=CC(=C3)Cl)N(C2=O)CC(=O)NC4=CC=C(C=C4)C(=O)NO)OC1,11.56,inhibitor
137660092,CCC(CC)(CCOC1=C(C=C(C=C1)C(CC)(CC)C2=CC=C(N2CC)C(=O)NC(C)C(=O)O)C)O,11.69,inhibitor
145963323,CCCSC1=NC2=C(C(=N1)N3CCN(CC3)C)NC(=O)C(=O)N2CC4=CC=C(C=C4)Cl,11.76,inhibitor
155564188,C1=CC=C2C(=C1)C(=CN2)CC(C(=O)NC3=CC=NC=C3)NC(=O)C4=CC=C(C=C4)C=CC(=O)NO,11.91,inhibitor
71615069,CC1(C2CCC3(C(C2(CCC1OC(=O)C(CCCN=C(N)N)NC(=O)OC(C)(C)C)C)CC(C4C3(CCC4C(C)(CCCC(C)(C)O)O)C)O)C)C,12,inhibitor
969516,COC1=C(C=CC(=C1)C=CC(=O)CC(=O)C=CC2=CC(=C(C=C2)O)OC)O,12.22,inhibitor
137661935,C1CCC2=C(C1)C(=C(S2)C#CC3=CC=CC=C3)C(=O)C4=CC=C(C=C4)[N+](=O)[O-],12.26,inhibitor
145985616,CC1(CCCC23C1CC(C45C2C(CC(C4O)C(=C)C5=O)O)OC3OCCN=[N+]=[N-])C,12.3,inhibitor
66414,CC12CCC3C(C1CCC2O)CCC4=CC(=C(C=C34)OC)O,12.31,inhibitor
76332307,C1=CC(=CC=C1C(=O)NC2=CC3=C(C=C2)C(=O)N(S3(=O)=O)CCCCCC(=O)NO)[N+](=O)[O-],12.45,inhibitor
145965223,CC1(C2=CC=CC=C2[N+](=C1C=CC3=C(C(=CC=C4C(C5=CC=CC=C5N4C)(C)C)CCC3)SC6=CC=NC=C6)C)C.[I-],12.46,inhibitor
76335939,C1=CC=C(C=C1)C(=O)NC2=CC3=C(C=C2)C(=O)N(S3(=O)=O)CCCCCC(=O)NO,12.63,inhibitor
56673754,CC(C)(C)OC(=O)NC(CC1=CC=CC=C1)C(=O)N2CC3(CC2C(=O)NCCCCCC(=O)NO)SCCS3,12.7,inhibitor
137656336,CCC(CC)(CCOC1=C(C=C(C=C1)C(CC)(CC)C2=CC=C(N2CC)C(=O)N(C)CC=C)C)O,12.77,inhibitor
145976420,CC1(C2=CC=CC=C2[N+](=C1C=CC3=C(C(=CC=C4C(C5=CC=CC=C5N4C)(C)C)CCC3)NCCN(C)C)C)C.[I-],13.18,inhibitor
44562037,C1=CC=C(C=C1)C(=O)C=CC2=CC=C(O2)C=CC(=O)NO,13.28,inhibitor
127048212,COC1=CC=C(C=C1)C2=NN(C=C2C(=O)C=CNC3=CC=C(C=C3)OC)C4=CC=CC=C4,13.4,inhibitor
18568590,CC1=C(OC2=C1C=C(C=C2)NC(=O)C3=CC=C(C=C3)F)C(=O)C4=CC=CC=C4,13.5,inhibitor
73213478,CC1=CC=C(C=C1)C2=CC=C(C=C2)OC3CC(N(C3)C(=O)OC(C)(C)C)C(=O)NC(CC4=CC=CC=C4)C(=O)NS(=O)(=O)C5=CC(=C(C=C5)Cl)[N+](=O)[O-],13.5,inhibitor
155544683,CC1(C2CCC3(C(C2(CCC1OC(=O)C4=CC(=CC=C4)F)C)CC(C5C3(CCC5C(C)(CCCC(C)(C)OC)O)C)O)C)C,13.5,inhibitor
155539973,C1=CC=C(C(=C1)CNC2=NC(=NC3=C2C=CN3)NC4=CNN=C4)Cl,13.52,inhibitor
145963393,COC1=CC2=C(C=C1)SC(=N2)NC(=O)CN3C=C(C4=C3C=CC(=C4)Br)C(=O)C(=O)NC5=CC=CC=C5,13.6,inhibitor
56666803,CC(C)(C)OC(=O)NC(CC1=CNC2=CC=CC=C21)C(=O)N3CC4(CC3C(=O)NCCCCCC(=O)NO)SCCS4,13.7,inhibitor
137654862,CCC(C)C(C(=O)O)NC(=O)C1=CC=C(N1CC)C(CC)(CC)C2=CC(=C(C=C2)OCCC(CC)(CC)O)C,13.79,inhibitor
73213545,CC1=CC=C(C=C1)C2=CC=C(C=C2)OC3CC(N(C3)C(=O)OC(C)(C)C)C(=O)NC(CC4=CC=C(C=C4)Br)C(=O)NS(=O)(=O)C5=CC(=C(C=C5)Cl)[N+](=O)[O-],13.8,inhibitor
127051967,COC1=CC(=CC(=C1OC)OC)C2=NN(C=C2C(=O)C=CNC3=CC(=C(C(=C3)OC)OC)OC)C4=CC=CC=C4,14.1,inhibitor
145979311,COC1=CC=C(C=C1)CN(C2=CC(=C(C(=C2)OC)OC)OC)C(=O)CSC3=NC4=CC=CC=C4N3,14.35,inhibitor
137650269,COC1=CC=C(C=C1)C(=O)C2=C(SC3=C2CCCC3)C#CC4=CC=CC=C4,14.49,inhibitor
132519431,C1CCC2=C(C1)C(=C(S2)C3=CC=CC=C3)C(=O)C4=CC=C(C=C4)[N+](=O)[O-],14.61,inhibitor
138753556,C1=CC=C(C=C1)C2=C(N=NC(=N2)SCC3=CN(N=N3)CC4=CC=C(C=C4)Cl)C5=CC=CC=C5,14.66,inhibitor
155556001,CC1(C2CCC3(C(C2(CCC1OC(=O)C4=CC=CC=C4[N+](=O)[O-])C)CC(C5C3(CCC5C(C)(CCCC(C)(C)OC)O)C)O)C)C,14.8,inhibitor
137649849,CCC(CC)(CCOC1=C(C=C(C=C1)C(CC)(CC)C2=CC=C(N2CC)C(=O)OC(C)C#C)C)O,14.81,inhibitor
145986009,CC1(CCCC23C1CC(C45C2C(CC(C4O)C(=C)C5=O)O)OC3O)C,14.99,inhibitor
60148509,CCCCCCC(C)(C)C1=CC(=O)C2=C(C1=O)OC(C3=C2NN=C3)(C)C,15,inhibitor
155519691,CC1(C2CCC3(C(C2(CCC1OC(=O)C4=CC=C(C=C4)F)C)CC(C5C3(CCC5C(C)(CCCC(C)(C)OC)O)C)O)C)C,15,inhibitor
44561976,C1=CC=C2C=C(C=CC2=C1)C(=O)C=CC3=CC=C(O3)C=CC(=O)NO,15.09,inhibitor
145955171,COC1=CC2=C(C=C1)SC(=N2)NC(=O)CCN3C=C(C4=CC=CC=C43)C(=O)C(=O)N5CCCCC5,15.32,inhibitor
137649917,COC1=CC(=CC(=C1OC)OC)C(=O)C2=C(SC3=C2CCCC3)C#CC4=CC=CC=C4,15.5,inhibitor
145958622,C1=CC=C(C=C1)CN2C=C(N=N2)CC3=NC(=C(N=N3)C4=CC=CC=C4)C5=CC=CC=C5,15.6,inhibitor
53387832,CCOC(=O)C1=C(C2=C(O1)C=CC(=C2)NS(=O)(=O)C3=CC=C(C=C3)F)C,15.9,inhibitor
25141401,CC1=CC=C(C=C1)C(=O)C=CC2=CC=C(O2)C=CC(=O)NO,16.01,inhibitor
44562035,C1=CC(=C(C=C1Cl)Cl)C(=O)C=CC2=CC=C(O2)C=CC(=O)NO,16.24,inhibitor
137648788,CC1=CC=C(C=C1)COC2=CC3=C(C=C2)C=C(C(=O)O3)C(=O)NCC4=CC=C(C=C4)C(=O)NC5=CC=CC=C5N,16.6,inhibitor
155526185,CC1(C2CCC3(C(C2(CCC1OC(=O)C4=CC=C(C=C4)[N+](=O)[O-])C)CC(C5C3(CCC5C(C)(CCCC(C)(C)OC)O)C)O)C)C,16.7,inhibitor
145950699,CC12CC(C3C(C1CCC2OCOC)CCC4=C3C=CC(=C4)OCOC)OC(=O)C5=CC=C(C=C5)NC(=O)CN6CCCC6,17.07,neutral
5280453,CC(CCCC(C)(C)O)C1CCC2C1(CCCC2=CC=C3CC(CC(C3=C)O)O)C,17.25,neutral
137658518,CCC(CC)(C1=CC(=C(C=C1)OCC(C(C)(C)C)O)C)C2=CC=C(N2CC)C(=O)NC(C)CO,17.36,neutral
155527362,CC1(C2CCC3(C(C2(CCC1OC(=O)C=CC4=CC=C(C=C4)F)C)CC(C5C3(CCC5C(C)(CCCC(C)(C)OC)O)C)O)C)C,17.6,neutral
145959239,CC12CC(C3C(C1CCC2OCOC)CCC4=C3C=CC(=C4)OCOC)OC(=O)C5=CC=C(C=C5)NC(=O)CN(C)C,17.62,neutral
90468082,C1CCOC2(C3=C(C=CC(=C3)Br)N(C2=O)CC(=O)NC4=CC=C(C=C4)C(=O)NO)OC1,17.68,neutral
137648901,CCC(CC)(CCOC1=C(C=C(C=C1)C(CC)(CC)C2=CC=C(N2CC)C(=O)NCC#N)C)O,17.81,neutral
145957210,CC12CC(C3C(C1CCC2OC)CCC4=C3C=CC(=C4)OC)OC(=O)C5=CC=C(C=C5)NC(=O)CN6CCN(CC6)C,18.11,neutral
137660190,CC1=CC=C(C=C1)S(=O)(=O)NC(=O)C(CC2=CNC3=CC=CC=C32)NC(=O)C4=CN(C5=CC=CC=C54)CC6=CC=C(C=C6)C7=CC=C(C=C7)OC,18.27,neutral
127052009,COC1=CC=C(C=C1)C2=NN(C=C2C(=O)C=CNC3=CC(=C(C(=C3)OC)OC)OC)C4=CC=CC=C4,18.9,neutral
118728222,CC1(CCC2C(C1CC#N)CC=C3C2(CCC(C3)O)C)CC#N,19.12,neutral
24753719,COC1=CC=C(C=C1)CN2C=CC3=C2C=C(C=C3)C(=O)NO,19.2,neutral
71574595,CCOC(=O)C1=C(NC(=O)NC1C2=CC3=C(C(=C2)C)OC(=O)C(=C3)C4=CC(=C(C(=C4)OC)OC)OC)C,19.31,neutral
145954696,CC12CC(C3C(C1CCC2O)CCC4=C3C=CC(=C4)O)OC(=O)C5=CC=C(C=C5)NC(=O)CN6CCN(CC6)C,19.36,neutral
66574334,CC12CCC=CC1=CCC3C2CCC4(C3CCC4(CC5=CC=CC=N5)O)C,19.37,neutral
71574597,CCOC(=O)C1=C(NC(=S)NC1C2=CC(=C3C(=C2)C=C(C(=O)O3)C4=CC(=C(C(=C4)OC)OC)OC)C(C)(C)C)C,20,neutral
71574593,CCOC(=O)C1=C(NC(=O)NC1C2=CC3=C(C(=C2)C)OC(=O)C(=C3)C4=CC(=C(C=C4)OC)OC)C,20,neutral
71574596,CCOC(=O)C1=C(NC(=S)NC1C2=CC3=C(C(=C2)C)OC(=O)C(=C3)C4=CC(=C(C(=C4)OC)OC)OC)C,20,neutral
71574504,CCOC(=O)C1=C(NC(=O)NC1C2=CC3=C(C(=C2)C)OC(=O)C(=C3)C4=CC=C(C=C4)OC)C,20,neutral
71574505,CCOC(=O)C1=C(NC(=S)NC1C2=CC3=C(C(=C2)C)OC(=O)C(=C3)C4=CC=C(C=C4)OC)C,20,neutral
137639418,COC1=C(C=CC(=C1)C=CC(=O)C2=C(C=C(C=C2)Cl)Cl)OCCCN3CCC4=CC=CC=C43,20,neutral
137632328,COC1=C(C=CC(=C1)C=CC(=O)C2=CC=C(C=C2)Br)OCCCN3CCCC4=CC=CC=C43,20,neutral
137635733,CC1CN(CC(O1)C)CCCOC2=C(C=C(C=C2)C=CC(=O)C3=CC=CC=C3OC)OC,20,neutral
137641481,COC1=C(C=CC(=C1)C=CC(=O)C2=CC=CC=C2)OCCCN3CCCC4=CC=CC=C43,20,neutral
137647307,CC1CN(CC(O1)C)CCCOC2=C(C=C(C=C2)C=CC(=O)C3=CC=C(C=C3)OC)OC,20,neutral
137644204,COC1=C(C=CC(=C1)C=CC(=O)C2=CC=C(C=C2)Cl)OCCCN3CCCC4=CC=CC=C43,20,neutral
137652932,CC1CN(CC(O1)C)CCCOC2=C(C=C(C=C2)C=CC(=O)C3=CC=C(C=C3)C)OC,20,neutral
137658992,COC1=CC=C(C=C1)C(=O)C=CC2=CC(=C(C=C2)OCCCN3CCC4=CC=CC=C43)OC,20,neutral
137634564,COC1=CC=C(C=C1)C(=O)C=CC2=CC(=C(C=C2)OCCCN3CCCC4=CC=CC=C43)OC,20,neutral
145987107,COC1=CC=C(C=C1)CN(C2=CC(=C(C(=C2)OC)OC)OC)C(=O)CCSC3=NC4=CC=CC=C4O3,20.2,neutral
145993139,COC1=CC=C(C=C1)CN(C2=CC(=C(C(=C2)OC)OC)OC)C(=O)CSC3=NC4=C(S3)C=C(C=C4)OC,20.21,neutral
137638383,CC1=CC=C(C=C1)C(=O)C2=C(SC3=C2CCCC3)C#CC4=CC=CC=C4,20.37,neutral
66574336,CC12CCC3C(C1CCC2=CC4=CC=CC=N4)CC=C5C3(CCC=C5)C,20.62,neutral
137637538,C1=CC=C(C(=C1)N)NC(=O)C2=CC=C(C=C2)CNC(=O)C3=CC4=C(C=C(C=C4)OCC5=CC=C(C=C5)Cl)OC3=O,21.29,neutral
66574393,CC12CCC(=O)C(=C1C=CC3C2CCC4(C3CCC4(CC5=CC=CC=N5)O)C)O,21.37,neutral
137634129,CC1=CC=C(C=C1)C#CC2=C(C3=C(S2)CCCC3)C(=O)C4=CC=C(C=C4)[N+](=O)[O-],21.39,neutral
132519441,CC1=C(SC(=C1C(=O)C2=CC=C(C=C2)OC)C#CC3=CC=CC=C3)C,21.4,neutral
44562039,C1=CC(=CC=C1C=CC2=CC=C(O2)C(=O)NO)O,21.78,neutral
90468081,C1COC2(C3=C(C=CC(=C3)Cl)N(C2=O)CC(=O)NC4=CC=C(C=C4)C(=O)NO)OC1,21.87,neutral
71614081,CC(C(=O)OC1CCC2(C(C1(C)C)CCC3(C2CC(C4C3(CCC4C(C)(CCCC(C)(C)O)O)C)O)C)C)NC(=O)OC(C)(C)C,22,neutral
138753558,C1=CC=C(C=C1)C2=C(N=NC(=N2)SCC3=CN(N=N3)CC4=CC=C(C=C4)Br)C5=CC=CC=C5,22,neutral
155534470,CC1(C2CCC3(C(C2(CCC1OC(=O)C4=CC=CC=C4Cl)C)CC(C5C3(CCC5C(C)(CCCC(C)(C)OC)O)C)O)C)C,22,neutral
56661827,CC1=C(OC2=C1C=C(C=C2)S(=O)(=O)NC3=CC=C(C=C3)F)C(=O)C4=CC=CC=C4,22.1,neutral
132519434,C1CCC2=C(CC1)SC(=C2C(=O)C3=CC=CC=C3)C4=CC=CC=C4,22.11,neutral
137650440,CC1=CC(=CC=C1)COC2=CC3=C(C=C2)C=C(C(=O)O3)C(=O)NCC4=CC=C(C=C4)C(=O)NC5=CC=CC=C5N,22.22,neutral
66574280,CC12CCC(C(C1=CCC3C2CCC4(C3CCC4(CC5=CC=CC=N5)O)C)O)O,22.38,neutral
66574395,CC12CCC(C=C1CCC3C2CCC4(C3CCC4(CC5=CC=CC=N5)O)C)O,22.53,neutral
145949175,CC1=CC=C(C=C1)CN2C=C(N=N2)CSC3=NC(=C(N=N3)C4=CC=CC=C4)C5=CC=CC=C5,22.63,neutral
137650291,C1=CC=C(C(=C1)N)NC(=O)C2=CC=C(C=C2)CNC(=O)C3=CC4=C(C=C(C=C4)OCC5=CC(=C(C=C5)Cl)Cl)OC3=O,22.72,neutral
145949335,CCCSC1=NC2=C(C(=N1)N3CCN(CC3)C)NC(=O)C(=O)N2CC4=CC=CC=C4,22.86,neutral
137658769,C1CCC2=C(C1)C(=C(S2)C#CC3=CC=CC=C3)C(=O)C4=CC=CC=C4,23.1,neutral
132519432,COC1=CC=C(C=C1)C(=O)C2=C(SC3=C2CCCC3)C4=CC=CC=C4,23.42,neutral
132519436,CC1=CC=C(C=C1)C(=O)C2=C(SC3=C2CCCCC3)C4=CC=CC=C4,23.44,neutral
145960105,CC12CC(C3C(C1CCC2O)CCC4=C3C=CC(=C4)O)OC(=O)C5=CC=C(C=C5)NC(=O)CN(C)C,23.45,neutral
155512959,CC1(C2CCC3(C(C2(CCC1OC(=O)C=CC4=CC=C(C=C4)Cl)C)CC(C5C3(CCC5C(C)(CCCC(C)(C)OC)O)C)O)C)C,23.5,neutral
137644084,C1=CC=C(C=C1)CC(C(=O)NS(=O)(=O)C2=CC=CC=C2)NC(=O)C3=CN(C4=CC=CC=C43)CC5=CC=C(C=C5)C6=CC=C(C=C6)Cl,23.58,neutral
137655186,CCC(CC)(CCOC1=C(C=C(C=C1)C(CC)(CC)C2=CC=C(N2CC)C(=O)NC3=CC=CC(=C3)C(F)(F)F)C)O,23.77,neutral
132519429,C1CCC2=C(C1)C(=C(S2)C3=CC=CC=C3)C(=O)C4=CC=CC=C4,23.8,neutral
127025950,CCC(C)C(C(=O)OC1CCC2(C(C1(C)C)CCC3(C2CC(C4C3(CCC4C(C)(CCCC(C)(C)O)O)C)O)C)C)NC(=O)OC(C)(C)C,24,neutral
118728695,C1=CC(=CC=C1CC(C(=O)NS(=O)(=O)C2=CC=C(C=C2)[N+](=O)[O-])N3C(=O)C(=CC4=CC=C(C=C4)C5=CC=C(C=C5)Cl)SC3=S)Br,24.09,neutral
145991016,CC(=O)C=CC1=CC(=C(C=C1)OCC2=CN(N=N2)C3=C(C=CC=C3F)F)OC,24.22,neutral
44562034,C1=CC(=C(C=C1Cl)C(=O)C=CC2=CC=C(O2)C=CC(=O)NO)Cl,24.7,neutral
53389591,CC(C)(C)OC(=O)NC(CC1=CC=C(C=C1)O)C(=O)N2CC3(CC2C(=O)NCCCCCC(=O)NO)SCCS3,24.7,neutral
122186707,C1=CC=C2C(=C1)C(=O)N(S2(=O)=O)CCCC(=O)NC3=CC=C(C=C3)C(=O)NO,25,neutral
122186710,C1=CC=C(C=C1)C2=CC3=C(C=C2)C(=O)N(S3(=O)=O)CCCC(=O)NC4=CC=C(C=C4)C(=O)NO,25,neutral
127025952,CC1(C2CCC3(C(C2(CCC1OC(=O)C(CC4=CC=C(C=C4)O)NC(=O)OC(C)(C)C)C)CC(C5C3(CCC5C(C)(CCCC(C)(C)O)O)C)O)C)C,25,neutral
127025953,CC1(C2CCC3(C(C2(CCC1OC(=O)C(CO)NC(=O)OC(C)(C)C)C)CC(C4C3(CCC4C(C)(CCCC(C)(C)O)O)C)O)C)C,25,neutral
132519439,CC1=CC=C(C=C1)C(=O)C2=C(SC(=C2C)C)C#CC3=CC=CC=C3,25.36,neutral
137656551,CC1CCC2CC(C(=CC=CC=CC(CC(C(=O)C(C(C(=CC(C(=O)CC(OC(=O)C3CCCCN3C(=O)C(=O)C1(O2)O)C(C)CC4CCC(C(C4)OC)OCCOC(=O)CSCC(C(=O)NCC(=O)O)NC(=O)CCC(C(=O)O)N)C)C)O)OC)C)C)C)OC,25.9,neutral
132519427,CC1=CC=C(C=C1)C(=O)C2=C(SC(=C2C)C)C3=CC=CC=C3,26.03,neutral
71510396,C1=CC=C2C(=C1)C(=CC(=C2O)SC3=NC=NN3)NC(=O)C4=CC(=CC=C4)[N+](=O)[O-],26.91,neutral
145955119,COC1=CC=C(C=C1)CN2C=C(N=N2)CSC3=NC(=C(N=N3)C4=CC=CC=C4)C5=CC=CC=C5,27.51,neutral
15923208,CC1(CCC(C23C1C(C(C45C2CCC(C4O)C(=C)C5=O)(OC3)O)O)O)C,27.55,neutral
76310410,C1=CC=C2C(=C1)C(=CC(=C2O)SC3=NC=NC4=C3NC=N4)NS(=O)(=O)C5=C(C=CC=C5Cl)Cl,27.61,neutral
127025671,CC1(C2CCC3(C(C2(CCC1OC(=O)C(CC4=CN=CN4)NC(=O)OC(C)(C)C)C)CC(C5C3(CCC5C(C)(CCCC(C)(C)O)O)C)O)C)C,28,neutral
127025673,CC(C(C(=O)OC1CCC2(C(C1(C)C)CCC3(C2CC(C4C3(CCC4C(C)(CCCC(C)(C)O)O)C)O)C)C)NC(=O)OC(C)(C)C)O,28,neutral
66574278,CC12CCC(CC13C(O3)CC4C2CCC5(C4CCC5(CC6=CC=CC=[N+]6[O-])O)C)O,28.21,neutral
155516818,CC1(C2CCC3(C(C2(CCC1OC(=O)C4=CC=C(C=C4)Cl)C)CC(C5C3(CCC5C(C)(CCCC(C)(C)OC)O)C)O)C)C,28.3,neutral
137641111,CCC(C)C(CO)NC(=O)C1=CC=C(N1CC)C(CC)(CC)C2=CC(=C(C=C2)OCCC(CC)(CC)O)C,28.39,neutral
145951372,CCCSC1=NC(=C2C(=N1)N(C(=O)C(=O)N2)CC3=CC=CC=C3)NC4=CC=CC=C4,28.5,neutral
137641044,C1=CC=C(C=C1)CC(C(=O)NS(=O)(=O)C2=CC(=C(C=C2)Cl)[N+](=O)[O-])NC(=O)C3=CN(C4=CC=CC=C43)CC5=CC=C(C=C5)C6=CC=C(C=C6)Cl,28.81,neutral
127025951,CC1(C2CCC3(C(C2(CCC1OC(=O)C(CCC(=O)OCC4=CC=CC=C4)NC(=O)OC(C)(C)C)C)CC(C5C3(CCC5C(C)(CCCC(C)(C)O)O)C)O)C)C,29,neutral
137636225,C1=CC=C(C(=C1)N)NC(=O)C2=CC=C(C=C2)CNC(=O)C3=CC4=C(C=C(C=C4)OCC5=C(C=C(C=C5)Cl)Cl)OC3=O,30.2,neutral
18477728,CC1CCC2CC(C(=CC=CC=CC(CC(C(=O)C(C(C(=CC(C(=O)CC(OC(=O)C3CCCCN3C(=O)C(=O)C1(O2)O)C(C)CC4CCC(C(C4)OC)OCCO)C)C)O)OC)C)C)C)OC,30.2,neutral
145958677,CCCSC1=NC2=C(C(=N1)OC3=CC=CC=C3)NC(=O)C(=O)N2CC4=CC=CC=C4,30.24,neutral
155523300,CC1(C2CCC3(C(C2(CCC1OC(=O)C4=CC=CC=C4)C)CC(C5C3(CCC5C(C)(CCCC(C)(C)OC)O)C)O)C)C,30.4,neutral
132519438,CC1=C(SC(=C1C(=O)C2=CC=CC=C2)C#CC3=CC=CC=C3)C,31.48,neutral
76310413,C1=CC=C2C(=C1)C(=CC(=C2O)SC3=NC=NC4=C3NC=N4)NS(=O)(=O)C5=CC=C(C=C5)Cl,31.55,neutral
145981776,CC(=O)C=CC1=CC(=C(C=C1)OCC2=CN(N=N2)C3=CC(=CC=C3)OC)OC,31.56,neutral
145969470,COC1=C(C=C(C=C1)C=CC(=O)C2=CC(=C(C(=C2)OC)OC)OC)OCCCC(=O)NCCCNCCCCNCCN,31.8,neutral
145988484,COC1=CC=C(C=C1)CN(C2=CC(=C(C(=C2)OC)OC)OC)C(=O)CCCSC3=NC4=CC=CC=C4O3,32.67,neutral
76321357,CS(=O)(=O)NC1=CC(=C(C2=CC=CC=C21)O)SC3=NC=NC4=C3NC=N4,32.75,neutral
145972479,CCCSC1=NC2=C(C(=N1)N3CCN(CC3)CC4=CC=CC=C4)NC(=O)C(=O)N2CC5=CC=CC=C5,33.14,neutral
66574338,CC12CCC3C(C1CCC2=CC4=CC=CC=N4)CCC5=C(C(=O)CCC35C)OC,33.16,neutral
132519440,CC1=C(SC(=C1C(=O)C2=CC=C(C=C2)[N+](=O)[O-])C#CC3=CC=CC=C3)C,33.4,neutral
145968360,COC1=CC(=CC(=C1OC)OC)C(=O)C=CC2=CC=C(C=C2)OCCCC(=O)NCCCNCCCCNCCN,34,neutral
56659902,CC(C)(C)OC(=O)NCCCCC(C(=O)N1CC2(CC1C(=O)NCCCCCC(=O)NO)SCCS2)NC(=O)OC(C)(C)C,34.6,neutral
44562078,COC1=CC=CC(=C1O)C=CC2=CC=C(O2)C(=O)NO,35.13,neutral
155535735,CC1(C2CCC3(C(C2(CCC1OC(=O)C4=CC=C(C=C4)Br)C)CC(C5C3(CCC5C(C)(CCCC(C)(C)OC)O)C)O)C)C,35.7,neutral
44561975,COC1=CC2=C(C=C1)C=C(C=C2)C(=O)C=CC3=CC=C(O3)C=CC(=O)NO,36.27,neutral
155523380,CC1(C2CCC3(C(C2(CCC1OC(=O)C=CC4=CC=CC=C4)C)CC(C5C3(CCC5C(C)(CCCC(C)(C)OC)O)C)O)C)C,37.2,neutral
137656344,CC1=CC=C(C=C1)C#CC2=C(C3=C(S2)CCCC3)C(=O)C4=CC(=C(C(=C4)OC)OC)OC,37.46,neutral
132519430,CC1=CC=C(C=C1)C(=O)C2=C(SC3=C2CCCC3)C4=CC=CC=C4,37.48,neutral
145983859,CC1C(C(C(C(O1)OC2C(C(COC2OC3CCC4(C(C3(C)C)CCC5(C4CC=C6C5(CCC7(C6CC(CC7)(C)C)C(=O)NCC8=CN(N=N8)C9=CC=CC=C9OC)C)C)C)OC1C(C(C(C(O1)CO)O)O)O)O)O)O)O,37.98,neutral
56658323,CC1=C(OC2=C1C=C(C=C2)NS(=O)(=O)C3=CC=C(C=C3)F)C(=O)C4=CC=CC=C4,38.2,neutral
155551558,CC1(C2CCC3(C(C2(CCC1OC(=O)C4=CC(=CC(=C4)Br)Br)C)CC(C5C3(CCC5C(C)(CCCC(C)(C)OC)O)C)O)C)C,38.4,neutral
145952292,CC12CC(C3C(C1CCC2O)CCC4=C3C=CC(=C4)O)OC(=O)C5=CC=C(C=C5)NC(=O)CN6CCCC6,39.06,neutral
44562077,C1=CC(=C(C(=C1)Cl)Cl)C=CC2=CC=C(O2)C(=O)NO,39.25,neutral
76321355,C1=CC=C2C(=C1)C(=CC(=C2O)SC3=NC=NC4=C3NC=N4)NS(=O)(=O)C5=CC=CC6=C5N=CC=C6,39.26,neutral
145984593,CC1C(C(C(C(O1)OC2C(C(COC2OC3CCC4(C(C3(C)C)CCC5(C4CC=C6C5(CCC7(C6CC(CC7)(C)C)C(=O)NCC8=CN(N=N8)C9=CC=CC=C9F)C)C)C)OC1C(C(C(C(O1)CO)O)O)O)O)O)O)O,39.31,neutral
53318176,CC1(C2CCC3(C(C2(CCC1O)C)CC(C4C3(CCC4C(C)(CCCC(C)(C)OC)O)C)O)C)C,39.5,neutral
132519433,CC1=C(SC(=C1C(=O)C2=CC=CC=C2)C3=CC=CC=C3)C,39.53,neutral
155522704,CC1(C2CCC3(C(C2(CCC1OC(=O)C4=C(C=CC(=C4)F)Br)C)CC(C5C3(CCC5C(C)(CCCC(C)(C)OC)O)C)O)C)C,39.9,neutral
16418131,CC1=C(OC2=C1C=C(C=C2)NC(=O)C)C(=O)C3=CC=CC=C3,40,neutral
72281,COC1=C(C=C(C=C1)C2CC(=O)C3=C(C=C(C=C3O2)O)O)O,40,neutral
132519437,C1CCC2=C(CC1)SC(=C2C(=O)C3=CC=C(C=C3)[N+](=O)[O-])C4=CC=CC=C4,40.13,neutral
44562036,C1=CC(=CC=C1C(=O)C=CC2=CC=C(O2)C=CC(=O)NO)F,40.14,neutral
52944438,CC(=O)C=CC1=CC(=C(C=C1)OCC#C)OC,40.23,neutral
44562038,C1=CC=C(C=C1)C=CC2=CC=C(O2)C(=O)NO,40.4,neutral
137634626,CC1=CC=C(C=C1)C#CC2=C(C(=C(S2)C)C)C(=O)C3=CC=C(C=C3)[N+](=O)[O-],40.59,neutral
118728696,C1=CC(=CC=C1CC(C(=O)NS(=O)(=O)C2=CC=C(C=C2)[N+](=O)[O-])N3C(=O)C(=CC4=CC=C(C=C4)C5=CC=C(C=C5)[N+](=O)[O-])SC3=S)Br,40.67,neutral
127025667,CC(C)CC(C(=O)OC1CCC2(C(C1(C)C)CCC3(C2CC(C4C3(CCC4C(C)(CCCC(C)(C)O)O)C)O)C)C)NC(=O)OC(C)(C)C,41,neutral
145986168,CC1C(C(C(C(O1)OC2C(C(COC2OC3CCC4(C(C3(C)C)CCC5(C4CC=C6C5(CCC7(C6CC(CC7)(C)C)C(=O)NCC8=CN(N=N8)C9=CN=CC=C9)C)C)C)OC1C(C(C(C(O1)CO)O)O)O)O)O)O)O,41.13,neutral
66574281,CC12CCC(C(C1=CCC3C2CCC4(C3CCC4(CC5=CC=CC=N5)O)C)O)O,41.29,neutral
76310412,COC1=CC=C(C=C1)S(=O)(=O)NC2=CC(=C(C3=CC=CC=C32)O)SC4=NC=NC5=C4NC=N5,41.45,neutral
145983322,CC1C(C(C(C(O1)OC2C(C(COC2OC3CCC4(C(C3(C)C)CCC5(C4CC=C6C5(CCC7(C6CC(CC7)(C)C)C(=O)NCC8=CN(N=N8)C9=C(C=CC=C9Cl)Cl)C)C)C)OC1C(C(C(C(O1)CO)O)O)O)O)O)O)O,41.93,neutral
145979816,CC(=O)C=CC1=CC(=C(C=C1)OCC2=CN(N=N2)C3=CC=C(C=C3)N=NC4=CC=CC=C4)OC,42.11,neutral
71510397,COC1=CC=CC(=C1)C(=O)NC2=CC(=C(C3=CC=CC=C32)O)SC4=NC=NN4,42.13,neutral
137650414,C1=CC=C(C(=C1)N)NC(=O)C2=CC=C(C=C2)CNC(=O)C3=CC4=C(C=C(C=C4)OCC5=C(C(=CC=C5)Cl)Cl)OC3=O,42.98,neutral
155557814,CC1(C2CCC3(C(C2(CCC1OC(=O)C4=C(C=C(C=C4)F)F)C)CC(C5C3(CCC5C(C)(CCCC(C)(C)OC)O)C)OC(=O)C6=C(C=C(C=C6)F)F)C)C,43.2,neutral
5354238,CC(=O)C=CC1=CC(=C(C=C1)O)OC,43.21,neutral
76317634,C1=CC=C(C=C1)C2=CC=C(C=C2)S(=O)(=O)NC3=CC(=C(C4=CC=CC=C43)O)SC5=NC=NC6=C5NC=N6,43.31,neutral
76317635,C1=CC=C(C=C1)S(=O)(=O)NC2=CC(=C(C3=CC=CC=C32)O)SC4=NC=NC5=C4NC=N5,44.27,neutral
145978943,CC1C(=CN=N1)SCC(=O)N(CC2=CC=C(C=C2)OC)C3=CC(=C(C(=C3)OC)OC)OC,44.95,neutral
145985342,CC1C(C(C(C(O1)OC2C(C(COC2OC3CCC4(C(C3(C)C)CCC5(C4CC=C6C5(CCC7(C6CC(CC7)(C)C)C(=O)NCC8=CN(N=N8)C9=CC=CC=C9)C)C)C)OC1C(C(C(C(O1)CO)O)O)O)O)O)O)O,45.04,neutral
145981013,COC1=CC=C(C=C1)CN(C2=CC(=C(C(=C2)OC)OC)OC)C(=O)CCCCSC3=NC4=CC=CC=C4O3,45.63,neutral
44562076,C1OC2=C(O1)C=C(C=C2)C=CC3=CC=C(O3)C(=O)NO,45.93,neutral
155561576,CC1(C2CCC3(C(C2(CCC1OC(=O)C4=CC=CC=C4I)C)CC(C5C3(CCC5C(C)(CCCC(C)(C)OC)O)C)O)C)C,46.5,neutral
137656735,COC1=CC=C(C=C1)COC2=CC3=C(C=C2)C=C(C(=O)O3)C(=O)NCC4=CC=C(C=C4)C(=O)NC5=CC=CC=C5N,46.64,neutral
145987216,CC(=O)C=CC1=CC(=C(C=C1)OCC2=CN(N=N2)C3=CC=C(C=C3)[N+](=O)[O-])OC,46.74,neutral
145984969,CC1C(C(C(C(O1)OC2C(C(COC2OC3CCC4(C(C3(C)C)CCC5(C4CC=C6C5(CCC7(C6CC(CC7)(C)C)C(=O)NCC8=CN(N=N8)C9=CC=C(C=C9)C(=O)C)C)C)C)OC1C(C(C(C(O1)CO)O)O)O)O)O)O)O,46.94,neutral
145989858,CC(=O)C=CC1=CC(=C(C=C1)OCC2=CN(N=N2)C3=CC=CC=C3Cl)OC,47.98,neutral
145969229,COC1=C(C=C(C=C1)C=CC(=O)C2=CC(=C(C(=C2)OC)OC)OC)OCCCC(=O)NCCCCN(CCCCNCCCN)CCCN,48.1,neutral
137644787,CC1=CC=C(C=C1)C#CC2=C(C3=C(S2)CCCC3)C(=O)C4=CC=C(C=C4)C,48.23,neutral
137640379,C1=CC=C(C(=C1)N)NC(=O)C2=CC=C(C=C2)CNC(=O)C3=CC4=C(C=C(C=C4)OCC5=CC=C(C=C5)Br)OC3=O,48.86,neutral
71614080,CC(C(=O)OC1CC2C3(CCC(C(C3CCC2(C4(C1C(CC4)C(C)(CCCC(C)(C)O)O)C)C)(C)C)O)C)NC(=O)OC(C)(C)C,49,neutral
71699047,CC1=NN=C(S1)SC2=C(C3=CC=CC=C3C(=C2)NC(=O)C4=CC=C(C=C4)Cl)O,49.53,neutral
145984527,CC1C(C(C(C(O1)OC2C(C(COC2OC3CCC4(C(C3(C)C)CCC5(C4CC=C6C5(CCC7(C6CC(CC7)(C)C)C(=O)NCC8=CN(N=N8)C9=CC=CC=C9C(=O)C)C)C)C)OC1C(C(C(C(O1)CO)O)O)O)O)O)O)O,49.56,neutral
118728679,C1=CC=C(C=C1)S(=O)(=O)NC(=O)C(CC2=CC=C(C=C2)Br)N3C(=O)C(=CC4=CC=C(C=C4)C5=CC=C(C=C5)[N+](=O)[O-])SC3=S,50,neutral
118728680,C1=CC=C(C=C1)S(=O)(=O)NC(=O)C(CC2=CC=C(C=C2)Br)N3C(=O)C(=CC4=CC=C(C=C4)C5=CC=C(C=C5)Cl)SC3=S,50,neutral
127049539,C1=CC=C(C=C1)N2C=C(C(=N2)C3=CC=C(C=C3)Cl)C(=O)C=CNC4=CC=C(C=C4)F,50,neutral
127049541,C1=CC=C(C=C1)N2C=C(C(=N2)C3=CC=C(C=C3)Cl)C(=O)C=CNC4=CC=C(C=C4)C(F)(F)F,50,neutral
127052330,COC1=CC(=CC(=C1OC)OC)C2=NN(C=C2C(=O)C=CNC3=CC=C(C=C3)C(F)(F)F)C4=CC=CC=C4,50,neutral
127048210,COC1=CC=C(C=C1)C2=NN(C=C2C(=O)C=CNC3=CC=C(C=C3)C(F)(F)F)C4=CC=CC=C4,50,neutral
127050139,C1=CC=C(C=C1)C2=NN(C=C2C(=O)C=CNC3=CC=C(C=C3)C(F)(F)F)C4=CC=CC=C4,50,neutral
127050792,C1=CC=C(C=C1)N2C=C(C(=N2)C3=CC=C(C=C3)F)C(=O)C=CNC4=CC=C(C=C4)C(F)(F)F,50,neutral
145970292,C1=CC=C(C=C1)CCNS(=O)(=O)C2=CC=CC(=C2)C(=O)NO,50,neutral
11637884,C1=CC=C(C=C1)NS(=O)(=O)C2=CC=CC(=C2)C(=O)NO,50,neutral
141522811,C1=CC=C(C=C1)CNS(=O)(=O)C2=CC=CC(=C2)C(=O)NO,50,neutral
137648415,COC1=CC(=C(C(=C1)OC)C=CC(=O)C=CC2=CN(C3=CC=CC=C32)CC4=CC=CC=C4)OC,50,neutral
137633396,COC1=CC(=C(C=C1)OC)C=CC(=O)C=CC2=CN(C3=CC=CC=C32)CC4=CC=C(C=C4)F,50,neutral
137652068,COC1=CC(=C(C(=C1)OC)C=CC(=O)C=CC2=CN(C3=CC=CC=C32)CC4=CC=C(C=C4)C(F)(F)F)OC,50,neutral
137652295,COC1=CC=C(C=C1)C=CC(=O)C=CC2=CN(C3=CC=CC=C32)CC4=CC=CC=C4,50,neutral
137644342,COC1=CC=C(C=C1)C=CC(=O)C=CC2=CN(C3=CC=CC=C32)CC4=CC=C(C=C4)Cl,50,neutral
137649024,COC1=CC=C(C=C1)C=CC(=O)C=CC2=CN(C3=CC=CC=C32)CC4=CC(=CC=C4)F,50,neutral
137658686,COC1=CC(=C(C(=C1)OC)C=CC(=O)C=CC2=CN(C3=CC=CC=C32)CC4=CC=C(C=C4)Cl)OC,50,neutral
137644785,COC1=C(C=C(C=C1)C=CC(=O)C=CC2=CN(C3=CC=CC=C32)CC4=CC=C(C=C4)OC(F)(F)F)OC,50,neutral
137652555,COC1=CC=C(C=C1)C=CC(=O)C=CC2=CN(C3=CC=CC=C32)CC4=CC=C(C=C4)C(F)(F)F,50,neutral
137640340,C1=CC=C2C(=C1)C(=CN2)C=CC(=O)C=CC3=CC=C(C=C3)Cl,50,neutral
137649911,COC1=CC(=C(C=C1C=CC(=O)C=CC2=CN(C3=CC=CC=C32)CC4=CC=C(C=C4)F)OC)OC,50,neutral
137654854,COC1=CC(=C(C(=C1)OC)C=CC(=O)C=CC2=CN(C3=CC=CC=C32)CC4=CC(=CC=C4)F)OC,50,neutral
137659163,COC1=CC(=C(C=C1C=CC(=O)C=CC2=CN(C3=CC=CC=C32)CC4=CC=C(C=C4)C(F)(F)F)OC)OC,50,neutral
137634420,COC1=CC(=C(C(=C1)OC)C=CC(=O)C=CC2=CN(C3=CC=CC=C32)CC4=CC=C(C=C4)F)OC,50,neutral
137635015,COC1=CC(=C(C=C1)OC)C=CC(=O)C=CC2=CN(C3=CC=CC=C32)CC4=CC=CC=C4,50,neutral
137644001,COC1=CC=C(C=C1)C=CC(=O)C=CC2=CN(C3=CC=CC=C32)CC4=CC=C(C=C4)F,50,neutral
137658622,COC1=C(C=C(C=C1)C=CC(=O)C=CC2=CN(C3=CC=CC=C32)CC4=CC=C(C=C4)F)OC,50,neutral
137645822,C1=CC=C(C=C1)CN2C=C(C3=CC=CC=C32)C=CC(=O)C=CC4=CC=C(C=C4)Cl,50,neutral
137647911,COC1=CC(=C(C=C1C=CC(=O)C=CC2=CN(C3=CC=CC=C32)CC4=CC=CC=C4)OC)OC,50,neutral
137649082,COC1=CC(=C(C=C1)OC)C=CC(=O)C=CC2=CN(C3=CC=CC=C32)CC4=CC=C(C=C4)C(F)(F)F,50,neutral
137661050,CCC(C)C(C(=O)OC)NC(=O)C1=CC=C(N1CC)C(CC)(CC)C2=CC(=C(C=C2)OCCC(CC)(CC)O)C,50,neutral
137650434,CCC(CC)(CCOC1=C(C=C(C=C1)C(CC)(CC)C2=CC=C(N2CC)C(=O)NC3=CC=C(C=C3)OC(F)(F)F)C)O,50,neutral
137640606,CCC(CC)(CCOC1=C(C=C(C=C1)C(CC)(CC)C2=CC=C(N2CC)C(=O)NC3=CC=C(C=C3)OCC)C)O,50,neutral
137638580,CCC(CC)(CCOC1=C(C=C(C=C1)C(CC)(CC)C2=CC=C(N2CC)C(=O)N(CCC#N)CCC#N)C)O,50,neutral
137643845,CCC(CC)(CCOC1=C(C=C(C=C1)C(CC)(CC)C2=CC=C(N2CC)C(=O)OC3=CC=C(C=C3)CC(=O)OC)C)O,50,neutral
137660583,CCC(CC)(CCOC1=C(C=C(C=C1)C(CC)(CC)C2=CC=C(N2CC)C(=O)OCCC#C)C)O,50,neutral
145953760,CCOC(=O)C1=C(SC(=N1)NC(=O)CCN2C=C(C3=CC=CC=C32)C(=O)C(=O)N4CCCCC4)C,50,neutral
145962721,C1CC1NC(=O)C(=O)C2=CN(C3=CC=CC=C32)CC(=O)NC4=NC=CS4,50,neutral
145961344,CC1=CC=C(C=C1)C2=CSC(=N2)NC(=O)CCN3C=C(C4=CC=CC=C43)C(=O)C(=O)N5CCCCC5,50,neutral
145954712,C1CCN(CC1)C(=O)C(=O)C2=CN(C3=CC=CC=C32)CC(=O)NC4=NC(=CS4)C5=CC=CC=C5,50,neutral
145963088,C1CCN(CC1)C(=O)C(=O)C2=CN(C3=CC=CC=C32)CC(=O)NC4=NC=CS4,50,neutral
145963262,C1CC1NC(=O)C(=O)C2=CN(C3=CC=CC=C32)CC(=O)NC4=NC(=CS4)C5=CC=CC=C5,50,neutral
145963565,C1=CC=C(C=C1)NC(=O)C(=O)C2=CN(C3=CC=CC=C32)CC(=O)NC4=NC=CS4,50,neutral
145953764,C1CCN(CC1)C(=O)C(=O)C2=CN(C3=CC=CC=C32)CCC(=O)NC4=NC(=CS4)C5=CC=CC=C5,50,neutral
145961714,C1=CC=C(C=C1)NC(=O)C(=O)C2=CN(C3=C2C=C(C=C3)Br)CC(=O)NC4=NC=CS4,50,neutral
145961786,C1CCN(CC1)C(=O)C(=O)C2=CN(C3=CC=CC=C32)CCC(=O)NC4=NC=CS4,50,neutral
145953311,C1=CC=C(C=C1)C2=CSC(=N2)NC(=O)CN3C=C(C4=CC=CC=C43)C(=O)C(=O)NC5=CC=CC=C5,50,neutral
145961676,CC1=CC=C(C=C1)C2=CSC(=N2)NC(=O)CN3C=C(C4=C3C=CC(=C4)Br)C(=O)C(=O)NC5=CC=CC=C5,50,neutral
155512332,CC1=CC(=CC(=C1)C(=O)OC2CCC3(C(C2(C)C)CCC4(C3CC(C5C4(CCC5C(C)(CCCC(C)(C)OC)O)C)OC(=O)C6=CC(=CC(=C6)C)C)C)C)C,50,neutral
155540047,CC1(C2CCC3(C(C2(CCC1O)C)CC(C4C3(CCC4C(C)(CCCC(C)(C)OC)O)C)OC(=O)C5=CC=CC=C5)C)C,50,neutral
155537577,CC1(C2CCC3(C(C2(CCC1OC(=O)C4=CC=C(C=C4)I)C)CC(C5C3(CCC5C(C)(CCCC(C)(C)OC)O)C)OC(=O)C6=CC=C(C=C6)I)C)C,50,neutral
155560556,CC1(C2CCC3(C(C2(CCC1O)C)CC(C4C3(CCC4C(C)(CCCC(C)(C)OC)O)C)OC(=O)C5=CC=C(C=C5)I)C)C,50,neutral
155561826,CC1=CC(=CC=C1)C(=O)OC2CCC3(C(C2(C)C)CCC4(C3CC(C5C4(CCC5C(C)(CCCC(C)(C)OC)O)C)O)C)C,50,neutral
155538619,CC1(C2CCC3(C(C2(CCC1OC(=O)C4=CC=C(C=C4)Br)C)CC(C5C3(CCC5C(C)(CCCC(C)(C)OC)O)C)OC(=O)C6=CC=C(C=C6)Br)C)C,50,neutral
155543304,CC1(C2CCC3(C(C2(CCC1OC(=O)C4=CC=CC=C4[N+](=O)[O-])C)CC(C5C3(CCC5C(C)(CCCC(C)(C)OC)O)C)OC(=O)C6=CC=CC=C6[N+](=O)[O-])C)C,50,neutral
155553421,CC1(C2CCC3(C(C2(CCC1OC(=O)C=CC4=CC=C(C=C4)F)C)CC(C5C3(CCC5C(C)(CCCC(C)(C)OC)O)C)OC(=O)C=CC6=CC=C(C=C6)F)C)C,50,neutral
155528506,CC1(C2CCC3(C(C2(CCC1O)C)CC(C4C3(CCC4C(C)(CCCC(C)(C)OC)O)C)OC(=O)C=CC5=CC=C(C=C5)F)C)C,50,neutral
155549769,CC1(C2CCC3(C(C2(CCC1OC(=O)C4=C(C=CC(=C4)I)Cl)C)CC(C5C3(CCC5C(C)(CCCC(C)(C)OC)O)C)OC(=O)C6=C(C=CC(=C6)I)Cl)C)C,50,neutral
155529112,CC1(C2CCC3(C(C2(CCC1OC(=O)C4=CC(=CC(=C4)[N+](=O)[O-])[N+](=O)[O-])C)CC(C5C3(CCC5C(C)(CCCC(C)(C)OC)O)C)OC(=O)C6=CC(=CC(=C6)[N+](=O)[O-])[N+](=O)[O-])C)C,50,neutral
155552007,CC1(C2CCC3(C(C2(CCC1OC(=O)C4=CC=C(C=C4)I)C)CC(C5C3(CCC5C(C)(CCCC(C)(C)OC)O)C)O)C)C,50,neutral
155519868,CC1(C2CCC3(C(C2(CCC1OC(=O)C4=CC=C(C=C4)Cl)C)CC(C5C3(CCC5C(C)(CCCC(C)(C)OC)O)C)OC(=O)C6=CC=C(C=C6)Cl)C)C,50,neutral
155529009,CC1(C2CCC3(C(C2(CCC1O)C)CC(C4C3(CCC4C(C)(CCCC(C)(C)OC)O)C)OC(=O)C5=CC=C(C=C5)Br)C)C,50,neutral
155529806,CC1(C2CCC3(C(C2(CCC1OC(=O)C4=CC=CC=C4I)C)CC(C5C3(CCC5C(C)(CCCC(C)(C)OC)O)C)OC(=O)C6=CC=CC=C6I)C)C,50,neutral
155511783,CC1(C2CCC3(C(C2(CCC1O)C)CC(C4C3(CCC4C(C)(CCCC(C)(C)OC)O)C)OC(=O)C5=CC(=CC(=C5)[N+](=O)[O-])[N+](=O)[O-])C)C,50,neutral
155522707,CC1(C2CCC3(C(C2(CCC1OC(=O)C4=C(C=CC(=C4)I)Cl)C)CC(C5C3(CCC5C(C)(CCCC(C)(C)OC)O)C)O)C)C,50,neutral
155510366,CC1(C2CCC3(C(C2(CCC1OC(=O)C=CC4=CC=C(C=C4)Cl)C)CC(C5C3(CCC5C(C)(CCCC(C)(C)OC)O)C)OC(=O)C=CC6=CC=C(C=C6)Cl)C)C,50,neutral
155511189,CC1=CC=CC=C1C(=O)OC2CCC3(C(C2(C)C)CCC4(C3CC(C5C4(CCC5C(C)(CCCC(C)(C)OC)O)C)O)C)C,50,neutral
155544845,CC1=CC=CC=C1C(=O)OC2CC3C4(CCC(C(C4CCC3(C5(C2C(CC5)C(C)(CCCC(C)(C)OC)O)C)C)(C)C)O)C,50,neutral
155563598,CC1(C2CCC3(C(C2(CCC1OC(=O)C4=CC=C(C=C4)[N+](=O)[O-])C)CC(C5C3(CCC5C(C)(CCCC(C)(C)OC)O)C)OC(=O)C6=CC=C(C=C6)[N+](=O)[O-])C)C,50,neutral
155525467,CC1(C2CCC3(C(C2(CCC1O)C)CC(C4C3(CCC4C(C)(CCCC(C)(C)OC)O)C)OC(=O)C5=CC=C(C=C5)[N+](=O)[O-])C)C,50,neutral
155568701,CC1(C2CCC3(C(C2(CCC1OC(=O)C4=C(C=CC(=C4)F)Br)C)CC(C5C3(CCC5C(C)(CCCC(C)(C)OC)O)C)OC(=O)C6=C(C=CC(=C6)F)Br)C)C,50,neutral
155523058,CC1(C2CCC3(C(C2(CCC1OC(=O)C=CC4=CC=CC=C4)C)CC(C5C3(CCC5C(C)(CCCC(C)(C)OC)O)C)OC(=O)C=CC6=CC=CC=C6)C)C,50,neutral
155562843,CC1=CC(=CC(=C1)C(=O)OC2CCC3(C(C2(C)C)CCC4(C3CC(C5C4(CCC5C(C)(CCCC(C)(C)OC)O)C)O)C)C)C,50,neutral
155562410,CC1(C2CCC3(C(C2(CCC1O)C)CC(C4C3(CCC4C(C)(CCCC(C)(C)OC)O)C)OC(=O)C=CC5=CC=CC=C5)C)C,50,neutral
155538574,CC1(C2CCC3(C(C2(CCC1OC(=O)C4=CC=CC=C4)C)CC(C5C3(CCC5C(C)(CCCC(C)(C)OC)O)C)OC(=O)C6=CC=CC=C6)C)C,50,neutral
145992753,CC(=O)C=CC1=CC(=C(C=C1)OCC2=CN(N=N2)C3=CC=CC=C3CO)OC,50.34,neutral
145982822,CC1C(C(C(C(O1)OC2C(C(COC2OC3CCC4(C(C3(C)C)CCC5(C4CC=C6C5(CCC7(C6CC(CC7)(C)C)C(=O)NCC8=CN(N=N8)C9=CC=CC=C9[N+](=O)[O-])C)C)C)OC1C(C(C(C(O1)CO)O)O)O)O)O)O)O,50.5,neutral
145967948,COC1=C(C=C(C=C1)C=CC(=O)C2=CC(=C(C(=C2)OC)OC)OC)OCCCC(=O)NCCCCNCCCN,51,neutral
137658929,CC1=CC=C(C=C1)C#CC2=C(C(=C(S2)C)C)C(=O)C3=CC=CC=C3,51.42,neutral
145953306,CCCSC1=NC2=C(C(=N1)N3CCSCC3)NC(=O)C(=O)N2CC4=CC=CC=C4,51.63,neutral
76310411,C1=CC=C2C(=C1)C(=CC(=C2O)SC3=NC=NC4=C3NC=N4)NS(=O)(=O)C5=CC=C(C=C5)C(F)(F)F,51.86,neutral
71699045,C1=CC=C2C(=C1)C(=CC(=C2O)SC3=NC=NN3)NC(=O)C4=CC=C(C=C4)[N+](=O)[O-],53.51,neutral
118716307,C1=CC(=CN=C1)C2=NN=C(S2)NC(=O)CCCCCC(=O)NO,54.4,neutral
71510528,COC1=C(C=C(C=C1)S(=O)(=O)NC2=CC(=C(C3=CC=CC=C32)O)SC4=NC=NC5=C4NC=N5)OC,54.66,neutral
145988619,COC1=CC(=CC(=C1OC)OC)C(=O)C=CC2=CC=C(C=C2)OCCCC(=O)NCCCCN(CCCCN)CCCN,55.4,neutral
76324952,CN(C)C1=CC=CC2=C1C=CC=C2S(=O)(=O)NC3=CC(=C(C4=CC=CC=C43)O)SC5=NC=NC6=C5NC=N6,55.64,neutral
76317633,C1=CC=C2C(=C1)C=CC=C2S(=O)(=O)NC3=CC(=C(C4=CC=CC=C43)O)SC5=NC=NC6=C5NC=N6,55.69,neutral
76314071,C1=CC=C2C(=C1)C(=CC(=C2O)SC3=NC=NC4=C3NC=N4)NS(=O)(=O)C5=CC=C(S5)Cl,56.75,neutral
145990598,CC(=O)C=CC1=CC(=C(C=C1)OCC2=CN(N=N2)C3=CC=C(C=C3)C4=CC=CC=C4)OC,56.81,neutral
145991088,CC(=O)C=CC1=CC(=C(C=C1)OCC2=CN(N=N2)C3=CC(=CC(=C3)Br)F)OC,56.89,neutral
158501,CC1(C2CCC3(C(C2(CCC1O)C)CC(C4C3(CCC4C(C)(CCCC(C)(C)O)O)C)O)C)C,57,neutral
76324951,C1=CC=C2C(=C1)C(=CC(=C2O)SC3=NC=NC4=C3NC=N4)NS(=O)(=O)C5=CC(=C(C=C5)F)Cl,57.38,neutral
145951796,C1=CC=C(C=C1)C2=C(N=NC(=N2)SCC3=CN(N=N3)CCCOC4=CC(=O)OC5=CC=CC=C54)C6=CC=CC=C6,57.77,neutral
145986537,CC1=CC=C(C=C1)N2C=C(N=N2)COC3=C(C=C(C=C3)C=CC(=O)C)OC,58.12,neutral
145980196,CCOC(=O)C1=CC=C(C=C1)N2C=C(N=N2)COC3=C(C=C(C=C3)C=CC(=O)C)OC,59.22,neutral
145980508,CC(=O)C=CC1=CC(=C(C=C1)OCC2=CN(N=N2)C3=CC=CC=C3O)OC,59.23,neutral
76321356,C1=CC=C2C(=C1)C(=CC(=C2O)SC3=NC=NC4=C3NC=N4)NS(=O)(=O)C5=CC=C(C=C5)F,59.52,neutral
71510398,CC1=CC(=CC=C1)C(=O)NC2=CC(=C(C3=CC=CC=C32)O)SC4=NC=NN4,59.54,neutral
118716310,C1=CSC(=C1)C2=NN=C(S2)NC(=O)CCCCCC(=O)NO,60,neutral
118716308,C1=CN=CC=C1C2=NN=C(S2)NC(=O)CCCCCC(=O)NO,60,neutral
145968670,COC1=C(C=C(C=C1)C=CC(=O)C2=CC(=C(C(=C2)OC)OC)OC)OCCCC(=O)NCCCCN(CCCCN)CCCN,60.6,neutral
127025405,CC1(C2CCC3(C(C2(CCC1O)C)CC(C4C3(CCC4C(C)(CCCC(C)(C)O)O)C)OC(=O)C(CC5=CC=C(C=C5)O)NC(=O)OC(C)(C)C)C)C,63,neutral
155525687,CC(C)CC(C(=O)NO)NC(=O)NCC1=CN(N=N1)C2=CC=CC=C2COC(=O)C3=CC=CC4=CC=CC=C43,63.2,neutral
137634019,CC1=CC=CC=C1COC2=CC3=C(C=C2)C=C(C(=O)O3)C(=O)NCC4=CC=C(C=C4)C(=O)NC5=CC=CC=C5N,67.14,neutral
145981353,CC(=O)C=CC1=CC(=C(C=C1)OCC2=CN(N=N2)C3=CC(=C(C=C3)C(F)(F)F)C(F)(F)F)OC,67.23,neutral
145950385,CCCSC1=NC2=C(C(=N1)N3CCNCC3)NC(=O)C(=O)N2CC4=CC=CC=C4,68.05,neutral
137649960,C1=CC=C(C(=C1)COC2=CC3=C(C=C2)C=C(C(=O)O3)C(=O)NCC4=CC=C(C=C4)C(=O)NC5=CC=CC=C5N)Cl,68.15,neutral
145954671,CCCSC1=NC2=C(C(=N1)N3CCOCC3)NC(=O)C(=O)N2CC4=CC=CC=C4,68.37,neutral
155519690,C1=CC=C(C=C1)C2=NN(C=C2C3=NN(N=N3)CC(=O)O)C4=CC=CC=C4,70.25,neutral
118728225,CC1(CCC2C(C1CC#N)CCC3=CC(=O)C=CC23C)CC#N,70.85,neutral
137660762,C1=CC=C(C(=C1)N)NC(=O)C2=CC=C(C=C2)CNC(=O)C3=CC4=C(C=C(C=C4)OCC5=CC=C(C=C5)F)OC3=O,74.95,neutral
145992841,CC(=O)C=CC1=CC(=C(C=C1)OCC2=CN(N=N2)C3=CC=C(C=C3)NC(=O)C4=CC=CC=C4)OC,76.81,neutral
145987919,CC(=O)C=CC1=CC(=C(C=C1)OCC2=CN(N=N2)C3=CC=CC=C3)OC,78.56,neutral
145970148,COC1=CC(=CC(=C1OC)OC)C(=O)C=CC2=CC=C(C=C2)OCCCC(=O)NCCCCNCCCN,79.3,neutral
145984377,CC(=O)C=CC1=CC(=C(C=C1)OCC2=CN(N=N2)C3=CC=C(C=C3)C=O)OC,80.67,neutral
137659289,C1=CC=C(C(=C1)N)NC(=O)C2=CC=C(C=C2)CNC(=O)C3=CC4=C(C=CC(=C4)Br)OC3=O,80.78,neutral
145968611,COC1=C(C=C(C=C1)C=CC(=O)C2=CC(=C(C(=C2)OC)OC)OC)OCCCC(=O)NCCCNCCCCN,81,neutral
145970606,COC1=CC(=CC(=C1OC)OC)C(=O)C=CC2=CC=C(C=C2)OCCCC(=O)NCCCCN(CCCCNCCCN)CCCN,81.6,neutral
71510400,C1=CC=C2C(=C1)C(=CC(=C2O)SC3=NC=NN3)NC(=O)C4=CC(=CC=C4)Cl,85.61,neutral
127025960,CC1(C2CCC3(C(C2(CCC1O)C)CC(C4C3(CCC4C(C)(CCCC(C)(C)O)O)C)OC(=O)C(CC5=CN=CN5)NC(=O)OC(C)(C)C)C)C,86,neutral
76328519,CC1=CC=C(C=C1)S(=O)(=O)NC2=CC(=C(C3=CC=CC=C32)O)SC4=NC=NC5=C4NC=N5,88.72,neutral
44562040,C1=CC=C(C(=C1)C=CC2=CC=C(O2)C(=O)NO)O,91.3,neutral
145953126,C1=CC=C(C=C1)C2=C(N=NC(=N2)SCC3=CN(N=N3)CCCOC4=CC5=C(C=C4)C=CC(=O)O5)C6=CC=CC=C6,92.34,neutral
56683726,C1CSC2(S1)CC(N(C2)C(=O)C(CC3=CC=C(C=C3)O)N)C(=O)NCCCCCC(=O)NO.Cl,100,neutral
71699048,C1=CC=C2C(=C1)C(=CC(=C2O)SC3=NN=CS3)NC(=O)C4=CC=C(C=C4)Cl,100,neutral
71510270,COC1=CC=C(C=C1)C(=O)NC2=CC(=C(C3=CC=CC=C32)O)SC4=NC=NN4,100,neutral
71510267,C1=CC=C2C=C(C=CC2=C1)C(=O)NC3=CC(=C(C4=CC=CC=C43)O)SC5=NC=NN5,100,neutral
71510395,COC1=C(C=C(C=C1)C=CC(=O)NC2=CC(=C(C3=CC=CC=C32)O)SC4=NC=NN4)OC,100,neutral
71699046,C1=CC=C2C(=C1)C(=CC(=C2O)SC3=NC=NN3)NC(=O)C=CC4=CC=C(C=C4)Cl,100,neutral
71699044,C1=CC=C(C=C1)C=CC(=O)NC2=CC(=C(C3=CC=CC=C32)O)SC4=NC=NN4,100,neutral
71510399,C1=CC=C2C(=C1)C(=CC(=C2O)SC3=NC=NN3)NC(=O)C=CC4=CC=C(C=C4)[N+](=O)[O-],100,neutral
71699130,C1=CC=C2C(=C1)C(=CC(=C2O)SC3=NC=NC4=C3NC=N4)NC(=O)C5=CC=C(C=C5)[N+](=O)[O-],100,neutral
71699129,C1=CC=C2C(=C1)C(=CC(=C2O)SC3=NC=NC4=C3NC=N4)NC(=O)C5=CC=CC=C5[N+](=O)[O-],100,neutral
136224850,CN1C(=NN=N1)SC2=C(C3=CC=CC=C3C(=C2)NC(=O)C4=CC=C(C=C4)Cl)O,100,neutral
71510529,CC(C)(C)C1=CC=C(C=C1)S(=O)(=O)NC2=CC(=C(C3=CC=CC=C32)O)SC4=NC=NC5=C4NC=N5,100,neutral
127025679,CC1(C2CCC3(C(C2(CCC1O)C)CC(C4C3(CCC4C(C)(CCCC(C)(C)O)O)C)OC(=O)C(CCC(=O)OCC5=CC=CC=C5)NC(=O)OC(C)(C)C)C)C,100,neutral
127025681,CCC(C)C(C(=O)OC1CCC2(C(C1(C)C)CCC3(C2CC(C4C3(CCC4C(C)(CCCC(C)(C)O)O)C)OC(=O)C(C(C)CC)NC(=O)OC(C)(C)C)C)C)NC(=O)OC(C)(C)C,100,neutral
127025955,CC(C)CC(C(=O)OC1CC2C3(CCC(C(C3CCC2(C4(C1C(CC4)C(C)(CCCC(C)(C)O)O)C)C)(C)C)O)C)NC(=O)OC(C)(C)C,100,neutral
127025956,CCC(C)C(C(=O)OC1CC2C3(CCC(C(C3CCC2(C4(C1C(CC4)C(C)(CCCC(C)(C)O)O)C)C)(C)C)O)C)NC(=O)OC(C)(C)C,100,neutral
127029579,CC1(C2CCC3(C(C2(CCC1OC(=O)C(CCC(=O)OCC4=CC=CC=C4)NC(=O)OC(C)(C)C)C)CC(C5C3(CCC5C(C)(CCCC(C)(C)O)O)C)OC(=O)C(CCC(=O)OCC6=CC=CC=C6)NC(=O)OC(C)(C)C)C)C,100,neutral
127025680,CC(C)CC(C(=O)OC1CCC2(C(C1(C)C)CCC3(C2CC(C4C3(CCC4C(C)(CCCC(C)(C)O)O)C)OC(=O)C(CC(C)C)NC(=O)OC(C)(C)C)C)C)NC(=O)OC(C)(C)C,100,neutral
127025685,CC(C(=O)OC1CCC2(C(C1(C)C)CCC3(C2CC(C4C3(CCC4C(C)(CCCC(C)(C)O)O)C)OC(=O)C(C)NC(=O)OC(C)(C)C)C)C)NC(=O)OC(C)(C)C,100,neutral
145953160,CCCSC1=NC2=C(C(=N1)OC)NC(=O)C(=O)N2CC3=CC=CC=C3,100,neutral
145958264,CCCSC1=NC2=C(C(=N1)N3CCN(CC3)CC)NC(=O)C(=O)N2CC4=CC=CC=C4,100,neutral
145957638,CCCSC1=NC2=C(C(=N1)N3CCN(CC3)C)NC(=O)C(=O)N2CC4=CC=C(C=C4)OC,100,neutral
145953156,CCCSC1=NC2=C(C(=N1)N3CCN(CC3)C(=O)OC(C)(C)C)NC(=O)C(=O)N2CC4=CC=CC=C4,100,neutral
145958222,CCCSC1=NC(=C2C(=N1)N(C(=O)C(=O)N2)CC3=CC=C(C=C3)O)NC4=CC=CC=C4,100,neutral
145974055,CCCSC1=NC2=C(C(=N1)N3CCOCC3)NC(=O)C(=O)N2CC4=CC=C(C=C4)Cl,100,neutral
145972255,CCCSC1=NC2=C(C(=N1)OCC)NC(=O)C(=O)N2CC3=CC=CC=C3,100,neutral
145969923,COC1=CC(=CC(=C1OC)OC)C(=O)C=CC2=CC=C(C=C2)OCCCC(=O)NCCCNCCCCN,100,neutral
139188626,CC12CCC3C(C1CC(=O)OC2)CCC4C3(CCC5=C4C=CC=N5)C,100,neutral
145980368,CC12CCC3C(C1CC(=O)OC2)CC(=O)C4C3(CCC5=C4C=CC=N5)C,100,neutral
137648242,CC1=CC=C(C=C1)C#CC2=C(C(=C(S2)C)C)C(=O)C3=CC=C(C=C3)C,100,neutral
132519428,CC1=C(SC(=C1C(=O)C2=CC=C(C=C2)[N+](=O)[O-])C3=CC=CC=C3)C,100,neutral
137656923,CC1=CC=C(C=C1)C#CC2=C(C3=C(S2)CCCC3)C(=O)C4=CC=CC=C4,100,neutral
137632614,CCOC1=CC2=C(C=C1)C=C(C(=O)O2)C(=O)NCC3=CC=C(C=C3)C(=O)NC4=CC=CC=C4N,100,neutral
137652928,C1=CC=C2C(=C1)C=C(C(=O)O2)C(=O)NCC3=CC=C(C=C3)C(=O)NC4=CC=CC=C4N,100,neutral
137639780,C1=CC=C(C=C1)COC2=CC3=C(C=C2)C=C(C(=O)O3)C(=O)NCC4=CC=C(C=C4)C(=O)NC5=CC=CC=C5N,100,neutral
137633125,COC1=CC=CC2=C1OC(=O)C(=C2)C(=O)NCC3=CC=C(C=C3)C(=O)NC4=CC=CC=C4N,100,neutral
137639650,C1=CC=C(C(=C1)N)NC(=O)C2=CC=C(C=C2)CNC(=O)C3=CC4=C(C=C(C=C4)OCC5=CC(=CC=C5)F)OC3=O,100,neutral
137651577,COC1=CC2=C(C=C1)C=C(C(=O)O2)C(=O)NCC3=CC=C(C=C3)C(=O)NC4=CC=CC=C4N,100,neutral
137649326,C1=CC=C(C(=C1)COC2=CC3=C(C=C2)C=C(C(=O)O3)C(=O)NCC4=CC=C(C=C4)C(=O)NC5=CC=CC=C5N)F,100,neutral
137641566,CCCOC1=CC2=C(C=C1)C=C(C(=O)O2)C(=O)NCC3=CC=C(C=C3)C(=O)NC4=CC=CC=C4N,100,neutral
137657874,CCOC1=CC=CC2=C1OC(=O)C(=C2)C(=O)NCC3=CC=C(C=C3)C(=O)NC4=CC=CC=C4N,100,neutral
138753469,C#CCSC1=NC(=C(N=N1)C2=CC=CC=C2)C3=CC=CC=C3,100,neutral
145953815,C1=CC=C(C=C1)C2=C(N=NC(=N2)SCC3=CN(N=N3)C4=CC=C(C=C4)S(=O)(=O)N)C5=CC=CC=C5,100,neutral
2816401,CC(=O)CSC1=NC(=C(N=N1)C2=CC=CC=C2)C3=CC=CC=C3,100,neutral
145958114,COC1=CC=C(C=C1)C(=O)C=CC2=CC=C(C=C2)N3C=C(N=N3)CSC4=NC(=C(N=N4)C5=CC=CC=C5)C6=CC=CC=C6,100,neutral
145950639,C1=CC=C(C=C1)C2=C(N=NC(=N2)SCC3=CN(N=N3)CC4=CC5=CC=CC=C5C=C4)C6=CC=CC=C6,100,neutral
3168508,C1=CC=C(C=C1)C2=C(N=NC(=N2)SCCC(=O)O)C3=CC=CC=C3,100,neutral
145952863,CC(C)CC(C(=O)NO)NC(=O)NCC1=CN(N=N1)CC2=CC=CC=C2OCC3=CC=CC=C3,119.1,neutral
145955648,CC(C)CC(C(=O)NO)NC(=O)NCC1=CN(N=N1)CC2=CC(=CC=C2)OCC3=CC=CC=C3,122.9,neutral
