Name,SMILES
44244736,COC1=C(C(=C(C=C1)C2=C(OC(=N2)C3=CC=CC=C3F)SC4=NC5=CC=CC=C5S4)OC)OC
44244911,CC1=NN=C(S1)SC2=C(N=C(O2)C3=CC=CC=C3F)C4=C(C(=C(C=C4)OC)OC)OC
44245235,COC1=C(C(=C(C=C1)C2=C(OC(=N2)C3=CN=CC=C3)SC4=NC=CC=N4)OC)OC
10451021,CC(=CC1=CC(=C(C=C1)OC)O)C(=O)C2=CC(=C(C(=C2)OC)OC)OC
44245073,CC1=CN=C(N=C1C)SC2=C(N=C(O2)C3=CC=CC=C3Cl)C4=C(C(=C(C=C4)OC)OC)OC
44245415,CC1=CN=C(N=C1C)SC2=C(N=C(O2)C3=CC=CC=C3)C4=C(C(=C(C=C4)OC)OC)OC
44245239,CC1=CN=C(N=C1C)SC2=C(N=C(O2)C3=CC=CC=C3F)C4=C(C(=C(C=C4)OC)OC)OC
44244910,CC1=NN=C(S1)SC2=C(N=C(O2)C3=CC=C(C=C3)C(F)(F)F)C4=C(C(=C(C=C4)OC)OC)OC
44245236,COC1=C(C(=C(C=C1)C2=C(OC(=N2)C3=CC=CC=C3)SC4=NC=CC=N4)OC)OC
44245076,COC1=C(C(=C(C=C1)C2=C(OC(=N2)C3=CN=CC=C3)SC4=NC5=CC=CC=C5S4)OC)OC
44245071,CC1=CN=C(N=C1C)SC2=C(N=C(O2)C3=CC=C(C=C3)C(F)(F)F)C4=C(C(=C(C=C4)OC)OC)OC
44244912,CC1=NN=C(S1)SC2=C(N=C(O2)C3=CC=CC=C3Cl)C4=C(C(=C(C=C4)OC)OC)OC
44244907,COC1=C(C(=C(C=C1)C2=C(OC(=N2)C3=CC=CC=C3)SC4=NC5=CC=CC=C5S4)OC)OC
249332,CCC1(CC2CC(C3=C(CCN(C2)C1)C4=CC=CC=C4N3)(C5=C(C=C6C(=C5)C78CCN9C7C(C=CC9)(C(C(C8N6C=O)(C(=O)OC)O)OC(=O)C)CC)OC)C(=O)OC)O.OS(=O)(=O)O
44245237,CC1=NN=C(S1)SC2=C(N=C(O2)C3=CN=CC=C3)C4=C(C(=C(C=C4)OC)OC)OC
44245072,CC1=CN=C(N=C1C)SC2=C(N=C(O2)C3=CN=CC=C3)C4=C(C(=C(C=C4)OC)OC)OC
44245075,COC1=C(C(=C(C=C1)C2=C(OC(=N2)C3=CC=C(C=C3)C(F)(F)F)SC4=NC5=CC=CC=C5S4)OC)OC
44244737,COC1=C(C(=C(C=C1)C2=C(OC(=N2)C3=CC=CC=C3Cl)SC4=NC5=CC=CC=C5S4)OC)OC
137650892,CCC(CC)(CCOC1=C(C=C(C=C1)C(CC)(CC)C2=CC=C(N2CC)C(=O)NCCCN(CC)CC)C)O
44245238,CC1=NN=C(S1)SC2=C(N=C(O2)C3=CC=CC=C3)C4=C(C(=C(C=C4)OC)OC)OC
44244909,COC1=C(C(=C(C=C1)C2=C(OC(=N2)C3=CC=CC=C3Cl)SC4=NC=CC=N4)OC)OC
44244908,COC1=C(C(=C(C=C1)C2=C(OC(=N2)C3=CC=CC=C3F)SC4=NC=CC=N4)OC)OC
132569676,CC(=CC1=CC(=C(C=C1)OC)O)C(=C)C2=CC(=C(C(=C2)OC)OC)OC
44245234,COC1=C(C(=C(C=C1)C2=C(OC(=N2)C3=CC=C(C=C3)C(F)(F)F)SC4=NC=CC=N4)OC)OC
10607,COC1=CC(=CC(=C1OC)OC)C2C3C(COC3=O)C(C4=CC5=C(C=C24)OCO5)O
9884538,COC1=C(C=C(C=C1)C=CC(=O)C2=CC(=C(C(=C2)OC)OC)OC)O
6167,CC(=O)NC1CCC2=CC(=C(C(=C2C3=CC=C(C(=O)C=C13)OC)OC)OC)OC
145984935,CC1C(C(C(C(O1)OC2C(C(COC2OC3CCC4(C(C3(C)C)CCC5(C4CC=C6C5(CCC7(C6CC(CC7)(C)C)C(=O)NCC8=CN(N=N8)C9=CC(=CC=C9)OC)C)C)C)OC1C(C(C(C(O1)CO)O)O)O)O)O)O)O
137656250,CCC=C(C=CC1=CC(=C(C=C1)OC)N)C2=CC(=C(C(=C2)OC)OC)OC
73776616,COC1=CC=C(C=C1)C(=O)NC(CC2=CNC3=CC=CC=C32)COC4=CC=C(C=C4)C=CC(=O)NO
137639182,CC=C(C=CC1=CC(=C(C=C1)OC)N)C2=CC(=C(C(=C2)OC)OC)OC
73776326,C1=CC=C(C=C1)C(=O)NC(CC2=CNC3=CC=CC=C32)COC4=CC=C(C=C4)C=CC(=O)NO
137661878,CC(=CC1=CC(=C(C=C1)OC)F)C(=C)C2=CC(=C(C(=C2)OC)OC)OC
145954484,COC1=CC2=C(C=C1)SC(=N2)NC(=O)CN3C=C(C4=CC=CC=C43)C(=O)C(=O)NC5=CC=CC=C5
90654859,C1=CC=C2C(=C1)C(=CN2)CC(COC3=CC=C(C=C3)C=CC(=O)NO)NCC4=CC=C(C=C4)Cl.Cl
137641210,COC1=C(C=C(C=C1)C=CC(=C)C2=CC(=C(C(=C2)OC)OC)OC)O
137653654,CC(=CC1=CC(=C(C=C1)OC)N)C(=C)C2=CC(=C(C(=C2)OC)OC)OC
73776472,C1=CC=C2C(=C1)C(=CN2)CC(COC3=CC=C(C=C3)C=CC(=O)NO)NC(=O)C4=CC=C(C=C4)Cl
137660224,CC(=CC1=CC=C(C=C1)OC)C(=C)C2=CC(=C(C(=C2)OC)OC)OC
145984811,CC1C(C(C(C(O1)OC2C(C(COC2OC3CCC4(C(C3(C)C)CCC5(C4CC=C6C5(CCC7(C6CC(CC7)(C)C)C(=O)NCC8=CN(N=N8)C9=CC(=CC=C9)Br)C)C)C)OC1C(C(C(C(O1)CO)O)O)O)O)O)O)O
73776614,C1=CC=C2C(=C1)C(=CN2)CC(COC3=CC=C(C=C3)C=CC(=O)NO)NC(=O)C4=CC=C(C=C4)F
73776327,C1=CC=C(C=C1)CC(=O)NC(CC2=CNC3=CC=CC=C32)COC4=CC=C(C=C4)C=CC(=O)NO
145982832,CC1C(C(C(C(O1)OC2C(C(COC2OC3CCC4(C(C3(C)C)CCC5(C4CC=C6C5(CCC7(C6CC(CC7)(C)C)C(=O)NCC8=CN(N=N8)C9=CC=C(C=C9)C)C)C)C)OC1C(C(C(C(O1)CO)O)O)O)O)O)O)O
145983028,CC1C(C(C(C(O1)OC2C(C(COC2OC3CCC4(C(C3(C)C)CCC5(C4CC=C6C5(CCC7(C6CC(CC7)(C)C)C(=O)NCC8=CN(N=N8)C9=CC=C(C=C9)OC)C)C)C)OC1C(C(C(C(O1)CO)O)O)O)O)O)O)O
137646083,COC1=C(C=C(C=C1)C=CC(=C)C2=CC(=C(C(=C2)OC)OC)OC)N
145984534,CC1C(C(C(C(O1)OC2C(C(COC2OC3CCC4(C(C3(C)C)CCC5(C4CC=C6C5(CCC7(C6CC(CC7)(C)C)C(=O)NCC8=CN(N=N8)C9=CC(=CC=C9)F)C)C)C)OC1C(C(C(C(O1)CO)O)O)O)O)O)O)O
44561979,CCCCC1=CC(=C(C=C1C(=O)C=CC2=CC=C(C=C2)C(=O)O)C34CC5CC(C3)CC(C5)C4)OCOCCOC
137654509,CC=C(CO)C1CC2C3=C(CC4C1(C(=O)N24)COC)C5=CC=CC=C5N3
44562043,COCCOCOC1=C(C=C(C(=C1)CC#C)C(=O)C=CC2=CC=C(C=C2)C(=O)O)C34CC5CC(C3)CC(C5)C4
137661644,CC=C(C1=CC(=C(C(=C1)OC)OC)OC)C(=CC2=CC(=C(C=C2)OC)O)C
53387509,CCC(C)C(C(=O)N1CC2=C(CC1C(=O)NC3=CC=C(C=C3)OC)C=CC(=C2)OCC(=O)NO)NC(=O)CC(C)(C)C
11622076,CC1C(C(C(C(O1)OC2C(C(COC2OC3CCC4(C(C3(C)C)CCC5(C4CC=C6C5(CCC7(C6CC(CC7)(C)C)C(=O)O)C)C)C)OC8C(C(C(C(O8)CO)O)O)O)O)O)O)O
137641740,CCC(CC)(CCOC1=C(C=C(C=C1)C(CC)(CC)C2=CC=C(N2CC)C(=O)NCCN(C)C)C)O
137634240,COC1=C(C=CC(=C1)C=CC(=O)NO)OCC(CC2=CNC3=CC=CC=C32)NC(=O)C4=CC(=CC=C4)Cl
137640291,COC1=CC=C(C=C1)C(=O)NC(CC2=CNC3=CC=CC=C32)COC4=C(C=C(C=C4)C=CC(=O)NO)OC
155514191,C1=CC(=CC=C1NC2=NC(=NC=C2Cl)NC3=CNN=C3)F
155522806,C1=CC(=CC(=C1)Cl)NC2=NC(=NC=C2Cl)NC3=CNN=C3
137648185,CC1=CC=C(C=C1)C(=O)NC(CC2=CNC3=CC=CC=C32)COC4=C(C=C(C=C4)C=CC(=O)NO)OC
155526590,C1=CC=C(C(=C1)NC2=NC(=NC=C2Cl)NC3=CNN=C3)Cl
44562042,COCCOCOC1=C(C=C(C(=C1)CC=C)C(=O)C=CC2=CC=C(C=C2)C(=O)O)C34CC5CC(C3)CC(C5)C4
44562080,COC1=C(C=CC(=C1)C=CC2=CC=C(O2)C(=O)NO)OCC3=CC=CC=C3
137650130,COC1=C(C=CC(=C1)C=CC(=O)NO)OCC(CC2=CNC3=CC=CC=C32)NC(=O)C4=CC=C(C=C4)Br
44562044,COCCOCOC1=C(C=C(C(=C1)CC2=CC=CC=C2)C(=O)C=CC3=CC=C(C=C3)C(=O)O)C45CC6CC(C4)CC(C6)C5
137659898,C1COC2(O1)C3=C(C=CC(=C3)Br)N(C2=O)CC(=O)NC4=CC=C(C=C4)C(=O)NC5=CC=CC=C5N
44561980,CCCCCC1=CC(=C(C=C1C(=O)C=CC2=CC=C(C=C2)C(=O)O)C34CC5CC(C3)CC(C5)C4)OCOCCOC
44561978,CCCC1=CC(=C(C=C1C(=O)C=CC2=CC=C(C=C2)C(=O)O)C34CC5CC(C3)CC(C5)C4)OCOCCOC
44561974,C1=CC(=CC=C1C(=O)C=CC2=CC=C(O2)C=CC(=O)NO)Cl
44561981,CCCCCCC1=CC(=C(C=C1C(=O)C=CC2=CC=C(C=C2)C(=O)O)C34CC5CC(C3)CC(C5)C4)OCOCCOC
127026516,CC(C)CN1C=NC2=C(N=C(N=C21)Cl)NCCCCCCC(=O)NO
9826896,COCCOCOC1=C(C=C(C=C1)C(=O)C=CC2=CC=C(C=C2)C(=O)O)C34CC5CC(C3)CC(C5)C4
137658922,CCC(CC)(CCOC1=C(C=C(C=C1)C(CC)(CC)C2=CC=C(N2CC)C(=O)NCCCN3CCOCC3)C)O
44561977,CCC1=CC(=C(C=C1C(=O)C=CC2=CC=C(C=C2)C(=O)O)C34CC5CC(C3)CC(C5)C4)OCOCCOC
122182040,C1COC2(C3=C(C=CC(=C3)Br)N(C2=O)CCC(=O)NC4=CC=C(C=C4)C(=O)NO)OC1
145993487,CN1CCC2=CC(=C3C=C2C1CC4=CC=C(C=C4)OC5=C(C=C(C(=C5)CC6C7=C(O3)C(=C(C=C7CCN6C)OC)OC)NS(=O)(=O)C8=CC=CC(=C8)[N+](=O)[O-])OC)OC
137656747,COC1=C(C=CC(=C1)C=CC(=O)C2=CC=CC=C2O)OCCCN3CCCCC3
155564157,C1=CC=C2C(=C1)C(=CN2)CC(C(=O)NC3=CC=C(C=C3)Cl)NC(=O)C4=CC=C(C=C4)C=CC(=O)NO
127048211,COC1=CC=C(C=C1)C2=NN(C=C2C(=O)C=CNC3=CC=C(C=C3)O)C4=CC=CC=C4
155569352,C1=CC=C2C(=C1)C(=CN2)CC(C(=O)NC3=CC(=CC=C3)Br)NC(=O)C4=CC=C(C=C4)C=CC(=O)NO
145989388,CC(=O)C=CC1=CC(=C(C=C1)OCC2=CN(N=N2)C3=CC=C(C=C3)OC)OC
145987070,CC(=O)C=CC1=CC(=C(C=C1)OCC2=CN(N=N2)C3=CC=CC=C3OC)OC
137641302,CCC(CC)(CCOC1=C(C=C(C=C1)C(CC)(CC)C2=CC=C(N2CC)C(=O)NCCCN(C)C)C)O
137660847,CCC(CC)(CCOC1=C(C=C(C=C1)C(CC)(CC)C2=CC=C(N2CC)C(=O)N(C)CC(=O)O)C)O
44561972,CC(C)C1=CC=C(C=C1)C(=O)C=CC2=CC=C(O2)C=CC(=O)NO
155538693,COC1=CC=C(C=C1)NC2=NC(=NC=C2Cl)NC3=CNN=C3
155567814,C1=CC=C2C=C(C=CC2=C1)NC(=O)C(CC3=CNC4=CC=CC=C43)NC(=O)C5=CC=C(C=C5)C=CC(=O)NO
44562045,COCCOCOC1=C(C=C(C(=C1)CC=CC2=CC=CC=C2)C(=O)C=CC3=CC=C(C=C3)C(=O)O)C45CC6CC(C4)CC(C6)C5
137648641,CCC(CC)(CCOC1=C(C=C(C=C1)C(CC)(CC)C2=CC=C(N2CC)C(=O)NCCN)C)O
25053606,COCCOCOC1=C(C=C(C(=C1)O)C(=O)C=CC2=CC=C(C=C2)C(=O)O)C34CC5CC(C3)CC(C5)C4
155537581,C1=CC(=CC=C1NC2=NC(=NC=C2Cl)NC3=CNN=C3)Cl
127050793,C1=CC=C(C=C1)N2C=C(C(=N2)C3=CC=C(C=C3)F)C(=O)C=CNC4=CC=C(C=C4)O
130422855,CN1CCC2=CC(=C3C=C2C1CC4=CC=C(C=C4)OC5=C(C=C(C(=C5)CC6C7=C(O3)C(=C(C=C7CCN6C)OC)OC)N)OC)OC
127027767,C1=CC=C(C=C1)CN2C=NC3=C(N=C(N=C32)Cl)NCCCCCC(=O)NO
145955331,CC12CC(C3C(C1CCC2OCOC)CCC4=C3C=CC(=C4)OCOC)OC(=O)C5=CC=C(C=C5)NC(=O)CN6CCN(CC6)C
137654517,C1=CC2=C(C(=C1)Cl)N=C(C=C2)CNCC3=CC=C(C=C3)C=CC(=O)NO
145989655,CN1CCC2=CC(=C3C=C2C1CC4=CC=C(C=C4)OC5=C(C=C(C(=C5)CC6C7=C(O3)C(=C(C=C7CCN6C)OC)OC)NS(=O)(=O)C8=CC=C(C=C8)Cl)OC)OC
145979046,CC(=O)C=CC1=CC(=C(C=C1)OCC2=CN(N=N2)C3=C(C=CC=C3Cl)Cl)OC
137651729,C1=CC=C2C(=C1)C=CC(=N2)CNCC3=CC=C(C=C3)C=CC(=O)NO
155551917,C1=CC=C2C(=C1)C(=CN2)CC(C(=O)NC3=CC=C(C=C3)Br)NC(=O)C4=CC=C(C=C4)C=CC(=O)NO
137634840,CCC(CC)(CCOC1=C(C=C(C=C1)C(CC)(CC)C2=CC=C(N2CC)C(=O)N(C)CCO)C)O
137643415,COC1=CC(=C(C(=C1)OC)C=CC(=O)C=CC2=CNC3=CC=CC=C32)OC
137634331,COC1=CC(=CC(=C1OC)OC)C=CC(=O)C=CC2=CNC3=CC=CC=C32
44562079,CN(C)C1=CC=C(C=C1)C=CC2=CC=C(O2)C(=O)NO
155559200,C1=CC=C2C(=C1)C(=CN2)CC(C(=O)NC3=CC=C(C=C3)I)NC(=O)C4=CC=C(C=C4)C=CC(=O)NO
132569672,C1COC2(C3=C(C=CC(=C3)Cl)N(C2=O)CCC(=O)NC4=CC=C(C=C4)C(=O)NC5=CC=CC=C5N)OC1
145992143,CN1CCC2=CC(=C3C=C2C1CC4=CC=C(C=C4)OC5=C(C=C(C(=C5)CC6C7=C(O3)C(=C(C=C7CCN6C)OC)OC)NS(=O)(=O)C8=CC=C(C=C8)F)OC)OC
145990716,CC1=CC(=C(C(=C1)C)S(=O)(=O)NC2=CC(=C3C=C2CC4C5=C(C(=C(C=C5CCN4C)OC)OC)OC6=C(C=C7CCN(C(C7=C6)CC8=CC=C(O3)C=C8)C)OC)OC)C
137662182,CCC(CC)(CCOC1=C(C=C(C=C1)C(CC)(CC)C2=CC=C(N2CC)C(=O)NCCN(CC)CC)C)O
145987138,CN1CCC2=CC(=C3C=C2C1CC4=CC=C(C=C4)OC5=C(C=C(C(=C5)CC6C7=C(O3)C(=C(C=C7CCN6C)OC)OC)NS(=O)(=O)C)OC)OC
145983670,CN1CCC2=CC(=C3C=C2C1CC4=CC=C(C=C4)OC5=C(C=C(C(=C5)CC6C7=C(O3)C(=C(C=C7CCN6C)OC)OC)NS(=O)(=O)C8=CC(=CC(=C8)Cl)Cl)OC)OC
145988252,CN1CCC2=CC(=C3C=C2C1CC4=CC=C(C=C4)OC5=C(C=C(C(=C5)CC6C7=C(O3)C(=C(C=C7CCN6C)OC)OC)NS(=O)(=O)C8=CC(=CC=C8)Br)OC)OC
137656094,COC1=CC=C(C=C1)C=CC(=O)C=CC2=CNC3=CC=CC=C32
155551054,C1=CC=C2C(=C1)C(=CN2)CC(C(=O)NC3=CC=C(C=C3)Cl)NC(=O)C4=CC=CC(=C4)C=CC(=O)NO
145979603,COC1=CC=C(C=C1)CN(C2=CC(=C(C(=C2)OC)OC)OC)C(=O)CSC3=NC4=CC=CC=C4O3
5351344,COC1=C(C=C(C=C1)C=CC2=CC(=C(C(=C2)OC)OC)OC)O
118716316,C1=CSC(=C1)C2=NN=C(S2)NC(=O)CCCCCCC(=O)NO
127051687,C1=CC=C(C=C1)C2=NN(C=C2C(=O)C=CNC3=CC=C(C=C3)O)C4=CC=CC=C4
137641414,COC1=CC2=C(C=C1)N=C(C=C2)CNCC3=CC=C(C=C3)C=CC(=O)NO
145960305,CC12CC(C3C(C1CCC2OC)CCC4=CC(=C(C=C34)OC)OC)OC(=O)C5=CC=C(C=C5)NC(=O)CN6CCCC6
145983092,CC1(CCCC23C1CC(C45C2C(CC(C4O)C(=C)C5=O)O)OC3OCCN6C=C(N=N6)CC7CC7)C
127050791,C1=CC=C(C=C1)N2C=C(C(=N2)C3=CC=C(C=C3)F)C(=O)C=CNC4=CC=C(C=C4)Cl
145990755,CN1CCC2=CC(=C3C=C2C1CC4=CC=C(C=C4)OC5=C(C=C(C(=C5)CC6C7=C(O3)C(=C(C=C7CCN6C)OC)OC)NS(=O)(=O)C8=CC=C(C=C8)C(F)(F)F)OC)OC
118720522,COC1=CC=C(C=C1)C(=O)NC(CC2=CNC3=CC=CC=C32)COC4=CC=CC(=C4)C=CC(=O)NO
127048509,COC1=CC=C(C=C1)C2=NN(C=C2C(=O)C=CNC3=CC=C(C=C3)Cl)C4=CC=CC=C4
127049540,C1=CC=C(C=C1)N2C=C(C(=N2)C3=CC=C(C=C3)Cl)C(=O)C=CNC4=CC=C(C=C4)Cl
145985246,CC1(CCCC23C1CC(C45C2C(CC(C4O)C(=C)C5=O)O)OC3OCC#C)C
145982791,CC1C(C(C(C(O1)OC2C(C(COC2OC3CCC4(C(C3(C)C)CCC5(C4CC=C6C5(CCC7(C6CC(CC7)(C)C)C(=O)NCC8=CN(N=N8)C9=CC=CC(=C9)C)C)C)C)OC1C(C(C(C(O1)CO)O)O)O)O)O)O)O
145982065,CN1CCC2=CC(=C3C=C2C1CC4=CC=C(C=C4)OC5=C(C=C(C(=C5)CC6C7=C(O3)C(=C(C=C7CCN6C)OC)OC)NS(=O)(=O)C8=CC9=CC=CC=C9C=C8)OC)OC
145984506,CC1C(C(C(C(O1)OC2C(C(COC2OC3CCC4(C(C3(C)C)CCC5(C4CC=C6C5(CCC7(C6CC(CC7)(C)C)C(=O)NCC8=CN(N=N8)C9=CC=C(C=C9)C(F)(F)F)C)C)C)OC1C(C(C(C(O1)CO)O)O)O)O)O)O)O
145979755,CN1CCC2=CC(=C3C=C2C1CC4=CC=C(C=C4)OC5=C(C=C(C(=C5)CC6C7=C(O3)C(=C(C=C7CCN6C)OC)OC)NS(=O)(=O)C8=CC=C(C=C8)Br)OC)OC
145991940,CN1CCC2=CC(=C3C=C2C1CC4=CC=C(C=C4)OC5=C(C=C(C(=C5)CC6C7=C(O3)C(=C(C=C7CCN6C)OC)OC)NS(=O)(=O)C8=CC=CC(=C8)OC)OC)OC
145983873,CC1(CCCC23C1CC(C45C2C(CC(C4O)C(=C)C5=O)O)OC3OCCC6=CN(N=N6)CC7=CC=C(C=C7)Cl)C
127033014,C1CCN(CC1)CC(=O)N2C(CC(=N2)C3=CC=CC=C3)C4=CC5=CC=CC=C5OC4=O
145954716,COC1=CC2=C(C=C1)SC(=N2)NC(=O)CN3C=C(C4=CC=CC=C43)C(=O)C(=O)N5CCCCC5
137636363,CCC=C(C1=CC(=C(C(=C1)OC)OC)OC)C(=CC2=CC(=C(C=C2)OC)O)C
145951184,CC12CC(C3C(C1CCC2OC)CCC4=CC(=C(C=C34)OC)OC)OC(=O)C5=CC=C(C=C5)NC(=O)CN6CCN(CC6)C
56673771,CC(C)CC(C(=O)N1CC2(CC1C(=O)NCCCCCC(=O)NO)SCCS2)NC(=O)OC(C)(C)C
145981119,CN1CCC2=CC(=C3C=C2C1CC4=CC=C(C=C4)OC5=C(C=C(C(=C5)CC6C7=C(O3)C(=C(C=C7CCN6C)OC)OC)NS(=O)(=O)C8=CC=CC9=C8N=CC=C9)OC)OC
137658952,C1=CC(=CC=C1CNCC2=NC3=C(C=C2)C=C(C=C3)Cl)C=CC(=O)NO
145983479,CC1(CCCC23C1CC(C45C2C(CC(C4O)C(=C)C5=O)O)OC3OCCC6=CN(N=N6)CC7=CC=CC=C7Cl)C
90465905,C1COC2(C3=C(C=CC(=C3)Br)N(C2=O)CC(=O)NC4=CC=C(C=C4)C(=O)NC5=CC=CC=C5N)OC1
127049542,C1=CC=C(C=C1)N2C=C(C(=N2)C3=CC=C(C=C3)Cl)C(=O)C=CNC4=CC=C(C=C4)O
145989378,CN1CCC2=CC(=C3C=C2C1CC4=CC=C(C=C4)OC5=C(C=C(C(=C5)CC6C7=C(O3)C(=C(C=C7CCN6C)OC)OC)NS(=O)(=O)C8=CC=C(C=C8)[N+](=O)[O-])OC)OC
145993365,CN1CCC2=CC(=C3C=C2C1CC4=CC=C(C=C4)OC5=C(C=C(C(=C5)CC6C7=C(O3)C(=C(C=C7CCN6C)OC)OC)NS(=O)(=O)C8=CC=CC=C8)OC)OC
155520390,C1=CC=C(C=C1)NC2=NC(=NC3=C2C=CN3)NC4=CNN=C4
137643703,CCCC=C(C1=CC(=C(C(=C1)OC)OC)OC)C(=CC2=CC(=C(C=C2)OC)O)C
155538841,CC1=CC(=C(C(=C1)C)NC(=O)C(CC2=CNC3=CC=CC=C32)NC(=O)C4=CC=C(C=C4)C=CC(=O)NO)C
127050794,COC1=CC=C(C=C1)NC=CC(=O)C2=CN(N=C2C3=CC=C(C=C3)F)C4=CC=CC=C4
127052331,COC1=CC(=CC(=C1OC)OC)C2=NN(C=C2C(=O)C=CNC3=CC=C(C=C3)O)C4=CC=CC=C4
137632660,COC1=CC=CC2=C1N=C(C=C2)CNCC3=CC=C(C=C3)C=CC(=O)NO
145986648,CN1CCC2=CC(=C3C=C2C1CC4=CC=C(C=C4)OC5=C(C=C(C(=C5)CC6C7=C(O3)C(=C(C=C7CCN6C)OC)OC)NS(=O)(=O)C8=CC=CC=C8Cl)OC)OC
145972296,CC1(C2=CC=CC=C2[N+](=C1C=CC3=C(C(=CC=C4C(C5=CC=CC=C5N4C)(C)C)CCC3)NCCO)C)C.[I-]
145992000,CC(=O)NC1=CC=C(C=C1)S(=O)(=O)NC2=CC(=C3C=C2CC4C5=C(C(=C(C=C5CCN4C)OC)OC)OC6=C(C=C7CCN(C(C7=C6)CC8=CC=C(O3)C=C8)C)OC)OC
137635997,CC1=CC(=NN1CCCOC2=C(C=C(C=C2)C=CC(=O)C3=CC=C(C=C3)OC)OC)C
137656290,C1COC2(C3=C(C=CC(=C3)Br)N(C2=O)CCC(=O)NC4=CC=C(C=C4)C(=O)NC5=CC=CC=C5N)OC1
145989146,CC(C)(C)C1=CC=C(C=C1)S(=O)(=O)NC2=CC(=C3C=C2CC4C5=C(C(=C(C=C5CCN4C)OC)OC)OC6=C(C=C7CCN(C(C7=C6)CC8=CC=C(O3)C=C8)C)OC)OC
127049538,COC1=CC(=CC(=C1OC)OC)NC=CC(=O)C2=CN(N=C2C3=CC=C(C=C3)F)C4=CC=CC=C4
145982749,CC1=CC=C(C=C1)CN2C=C(N=N2)CCOC3C45CCCC(C4CC(O3)C67C5C(CC(C6O)C(=C)C7=O)O)(C)C
145982617,CC1(CCCC23C1CC(C45C2C(CC(C4O)C(=C)C5=O)O)OC3OCCC6=CN(N=N6)CC7=CC=C(C=C7)OC)C
25126798,C1CCC(C1)C(CC#N)N2C=C(C=N2)C3=C4C=CNC4=NC=N3
145985039,CC1C(C(C(C(O1)OC2C(C(COC2OC3CCC4(C(C3(C)C)CCC5(C4CC=C6C5(CCC7(C6CC(CC7)(C)C)C(=O)NCC8=CN(N=N8)C9=CC=CC=C9C)C)C)C)OC1C(C(C(C(O1)CO)O)O)O)O)O)O)O
137638408,COC1=C(C=CC(=C1)C=CC(=O)C2=C(C=C(C=C2)Cl)Cl)OCCN3CCOCC3
145982258,CCCCS(=O)(=O)NC1=CC(=C2C=C1CC3C4=C(C(=C(C=C4CCN3C)OC)OC)OC5=C(C=C6CCN(C(C6=C5)CC7=CC=C(O2)C=C7)C)OC)OC
127050138,C1=CC=C(C=C1)C2=NN(C=C2C(=O)C=CNC3=CC=C(C=C3)Cl)C4=CC=CC=C4
145974285,CC1(C2=CC=CC=C2[N+](=C1C=CC3=C(C(=CC=C4C(C5=CC=CC=C5N4C)(C)C)CCC3)OC6=CC=NC=C6)C)C.[I-]
145982958,CC1C(C(C(C(O1)OC2C(C(COC2OC3CCC4(C(C3(C)C)CCC5(C4CC=C6C5(CCC7(C6CC(CC7)(C)C)C(=O)NCC8=CN(N=N8)C9=CC=CC=C9Cl)C)C)C)OC1C(C(C(C(O1)CO)O)O)O)O)O)O)O
145983739,CC1C(C(C(C(O1)OC2C(C(COC2OC3CCC4(C(C3(C)C)CCC5(C4CC=C6C5(CCC7(C6CC(CC7)(C)C)C(=O)NCC8=CN(N=N8)C9=CC=CC=C9Br)C)C)C)OC1C(C(C(C(O1)CO)O)O)O)O)O)O)O
5978,CCC1(CC2CC(C3=C(CCN(C2)C1)C4=CC=CC=C4N3)(C5=C(C=C6C(=C5)C78CCN9C7C(C=CC9)(C(C(C8N6C=O)(C(=O)OC)O)OC(=O)C)CC)OC)C(=O)OC)O
145985202,CCCCCCCCC1=CN(N=N1)CCOC2C34CCCC(C3CC(O2)C56C4C(CC(C5O)C(=C)C6=O)O)(C)C
137637312,COC=C(C=CC1=CC(=C(C=C1)OC)O)C2=CC(=C(C(=C2)OC)OC)OC
155548623,C1=CC=C(C=C1)NC2=NC(=NC=C2Cl)NC3=CNN=C3
145979656,CC(C)C1=CC(=C(C(=C1)C(C)C)S(=O)(=O)NC2=CC(=C3C=C2CC4C5=C(C(=C(C=C5CCN4C)OC)OC)OC6=C(C=C7CCN(C(C7=C6)CC8=CC=C(O3)C=C8)C)OC)OC)C(C)C
91989956,COC1=C(C=C(C=C1)C=CC(=O)C=CC2=CNC3=CC=CC=C32)OC
145993918,COC1=CC=C(C=C1)CN(C2=CC(=C(C(=C2)OC)OC)OC)C(=O)CSC3=NN=CS3
145985270,CC1C(C(C(C(O1)OC2C(C(COC2OC3CCC4(C(C3(C)C)CCC5(C4CC=C6C5(CCC7(C6CC(CC7)(C)C)C(=O)NCC8=CN(N=N8)C9=CC=C(C=C9)[N+](=O)[O-])C)C)C)OC1C(C(C(C(O1)CO)O)O)O)O)O)O)O
145982326,CN1CCC2=CC(=C3C=C2C1CC4=CC=C(C=C4)OC5=C(C=C(C(=C5)CC6C7=C(O3)C(=C(C=C7CCN6C)OC)OC)NS(=O)(=O)C(F)(F)F)OC)OC
145984287,CC1C(C(C(C(O1)OC2C(C(COC2OC3CCC4(C(C3(C)C)CCC5(C4CC=C6C5(CCC7(C6CC(CC7)(C)C)C(=O)NCC8=CN(N=N8)C9=CC=C(C=C9)Cl)C)C)C)OC1C(C(C(C(O1)CO)O)O)O)O)O)O)O
41867,CC1C(C(CC(O1)OC2CC(CC3=C2C(=C4C(=C3O)C(=O)C5=C(C4=O)C(=CC=C5)OC)O)(C(=O)CO)O)N)O
127048209,COC1=CC=C(C=C1)C2=NN(C=C2C(=O)C=CNC3=CC=C(C=C3)F)C4=CC=CC=C4
145979704,CN1CCC2=CC(=C3C=C2C1CC4=CC=C(C=C4)OC5=C(C=C(C(=C5)CC6C7=C(O3)C(=C(C=C7CCN6C)OC)OC)NS(=O)(=O)C8=CN=C(C=C8)Cl)OC)OC
145982580,CC1C(C(C(C(O1)OC2C(C(COC2OC3CCC4(C(C3(C)C)CCC5(C4CC=C6C5(CCC7(C6CC(CC7)(C)C)C(=O)NCC8=CN(N=N8)C9=CC=C(C=C9)F)C)C)C)OC1C(C(C(C(O1)CO)O)O)O)O)O)O)O
137636693,CCC(CC)(CCOC1=C(C=C(C=C1)C(CC)(CC)C2=CC=C(N2CC)C(=O)NC(CC(=O)OC)C(=O)OCC)C)O
73078,CN1CCC2=CC(=C3C=C2C1CC4=CC=C(C=C4)OC5=C(C=CC(=C5)CC6C7=C(O3)C(=C(C=C7CCN6C)OC)OC)OC)OC
145979099,CN1CCC2=CC(=C3C=C2C1CC4=CC=C(C=C4)OC5=C(C=C(C(=C5)CC6C7=C(O3)C(=C(C=C7CCN6C)OC)OC)NS(=O)(=O)C8=CC=CC=C8F)OC)OC
127050477,COC1=CC(=CC(=C1OC)OC)NC=CC(=O)C2=CN(N=C2C3=CC=CC=C3)C4=CC=CC=C4
145976611,CC1(C2=CC=CC=C2[N+](=C1C=CC3=C(C(=CC=C4C(C5=CC=CC=C5N4C)(C)C)CCC3)SCCN(C)C)C)C.[I-]
127025971,CC1(C2CCC3(C(C2(CCC1OC(=O)C(CCCN=C(N)N)N)C)CC(C4C3(CCC4C(C)(CCCC(C)(C)O)O)C)O)C)C
145953534,CCOC(=O)C1=C(SC(=N1)NC(=O)CN2C=C(C3=CC=CC=C32)C(=O)C(=O)NC4=CC=CC=C4)C
137652994,COC1=C(C=CC(=C1)C=CC(=O)C2=CC=C(C=C2)C(F)(F)F)OCCN3CCOCC3
145986149,CC1C(C(C(C(O1)OC2C(C(COC2OC3CCC4(C(C3(C)C)CCC5(C4CC=C6C5(CCC7(C6CC(CC7)(C)C)C(=O)NCC8=CN(N=N8)C9=CC=CC(=C9)C(=O)C)C)C)C)OC1C(C(C(C(O1)CO)O)O)O)O)O)O)O
137631998,COC1=CC(=C(C=C1)OC)C=CC(=O)C=CC2=CNC3=CC=CC=C32
127051688,COC1=CC=C(C=C1)NC=CC(=O)C2=CN(N=C2C3=CC=CC=C3)C4=CC=CC=C4
155554623,C1=CC=C(C=C1)N2C=C(C(=N2)C3=CC=CC=C3Cl)C4=NN(N=N4)CC(=O)O
132519435,CC1=C(SC(=C1C(=O)C2=CC(=C(C(=C2)OC)OC)OC)C#CC3=CC=CC=C3)C
145949629,CC12CC(C3C(C1CCC2OC)CCC4=C3C=CC(=C4)OC)OC(=O)C5=CC=C(C=C5)NC(=O)CN(C)C
145988483,CCCS(=O)(=O)NC1=CC(=C2C=C1CC3C4=C(C(=C(C=C4CCN3C)OC)OC)OC5=C(C=C6CCN(C(C6=C5)CC7=CC=C(O2)C=C7)C)OC)OC
130422777,CN1CCC2=CC(=C3C=C2C1CC4=CC=C(C=C4)OC5=C(C=C(C(=C5)CC6C7=C(O3)C(=C(C=C7CCN6C)OC)OC)[N+](=O)[O-])OC)OC
137640036,COC1=C(C=CC(=C1)C=CC(=O)C2=CC=C(C=C2)Cl)OCCCCN3CCCCC3
127039213,CC(C)N1C=NC2=C(N=C(N=C21)N)NCCCCCCC(=O)NO
137648198,CCC(CC)(CCOC1=C(C=C(C=C1)C(CC)(CC)C2=CC=C(N2CC)C(=O)N(C)CC(=O)OCC)C)O
155534711,COC1=CC=C(C=C1)C2=NN(C=C2C3=NN(N=N3)CC(=O)O)C4=CC=CC=C4
155531632,COC1=CC=CC=C1C2=NN(C=C2C3=NN(N=N3)CC(=O)O)C4=CC=CC=C4
155527025,CC1=CC=C(C=C1)C2=NN(C=C2C3=NN(N=N3)CC(=O)O)C4=CC=CC=C4
137640482,COC1=C(C=CC(=C1)C=CC(=O)C2=C(C=C(C=C2)Cl)Cl)OCCCCN3CCCCC3
145981231,CN1CCC2=CC(=C3C=C2C1CC4=CC=C(C=C4)OC5=C(C=C(C(=C5)CC6C7=C(O3)C(=C(C=C7CCN6C)OC)OC)NS(=O)(=O)C8=CC=CC=C8[N+](=O)[O-])OC)OC
155567947,CC1(C2CCC3(C(C2(CCC1OC(=O)C4=CC(=CC(=C4)[N+](=O)[O-])[N+](=O)[O-])C)CC(C5C3(CCC5C(C)(CCCC(C)(C)OC)O)C)O)C)C
145991314,COC1=CC=C(C=C1)CN(C2=CC(=C(C(=C2)OC)OC)OC)C(=O)CSC3=CC=CC=N3
137639943,COC1=C(C=CC(=C1)C=CC(=O)C2=CC=C(C=C2)Br)OCCCCN3CCCCC3
71614082,CC(C(=O)OC1CCC2(C(C1(C)C)CCC3(C2CC(C4C3(CCC4C(C)(CCCC(C)(C)O)O)C)O)C)C)N
127052010,COC1=CC(=CC(=C1OC)OC)C2=NN(C=C2C(=O)C=CNC3=CC=C(C=C3)F)C4=CC=CC=C4
118716314,C1=CN=CC=C1C2=NN=C(S2)NC(=O)CCCCCCC(=O)NO
9905484,COC1=CC=C(C=C1)C=CC(=O)C2=CC(=C(C(=C2)OC)OC)OC
137643553,CCC(CC)(CCOC1=C(C=C(C=C1)C(CC)(CC)C2=CC=C(N2CC)C(=O)NC(C)CO)C)O
137651888,COC1=CC=C(C=C1)C(=O)C=CC2=CC(=C(C=C2)OCCCN3CCOCC3)OC
127025686,CC(C)CC(C(=O)OC1CCC2(C(C1(C)C)CCC3(C2CC(C4C3(CCC4C(C)(CCCC(C)(C)O)O)C)O)C)C)N
127050790,C1=CC=C(C=C1)N2C=C(C(=N2)C3=CC=C(C=C3)F)C(=O)C=CNC4=CC=C(C=C4)F
90465904,C1COC2(C3=C(C=CC(=C3)Br)N(C2=O)CCCC(=O)NC4=CC=C(C=C4)C(=O)NO)OC1
145984131,CC12CCC3=C(C1=CCC4C2CCC5(C4CCC5(CC6=CC=CC=N6)O)C)C=CC=N3
118716313,C1=CC(=CN=C1)C2=NN=C(S2)NC(=O)CCCCCCC(=O)NO
127050137,C1=CC=C(C=C1)C2=NN(C=C2C(=O)C=CNC3=CC=C(C=C3)F)C4=CC=CC=C4
44228659,C1=CC=C(C=C1)NC(=O)CCCCCCC(=O)NC2=CC=CC=C2C(=O)NO
137658340,COC1=C(C=CC(=C1)C=CC(=O)C2=C(C=C(C=C2)Cl)Cl)OCCCN3CCCC4=CC=CC=C43
145962159,CCOC(=O)C1=C(SC(=N1)NC(=O)CN2C=C(C3=CC=CC=C32)C(=O)C(=O)N4CCCCC4)C
118728223,CC1(CCC2C(C1CC#N)CCC3=CC(=O)CCC23C)CC#N
127025968,CCC(C)C(C(=O)OC1CCC2(C(C1(C)C)CCC3(C2CC(C4C3(CCC4C(C)(CCCC(C)(C)O)O)C)O)C)C)N
145963036,CCOC(=O)C1=C(SC(=N1)NC(=O)CN2C=C(C3=CC=CC=C32)C(=O)C(=O)NC4CC4)C
53387676,CCOC(=O)C1=C(C2=C(O1)C=CC(=C2)S(=O)(=O)NC3=CC=C(C=C3)F)C
118728224,CC1(CCC2C(C1CC#N)CCC3=C(C(=O)CCC23C)O)CC#N
137645203,CCC(CC)(CCOC1=C(C=C(C=C1)C(CC)(CC)C2=CC=C(N2CC)C(=O)NC(CCO)CO)C)O
122186706,C1=CC=C(C=C1)C2=CC3=C(C=C2)C(=O)N(S3(=O)=O)CCC(=O)NC4=CC=C(C=C4)C(=O)NO
127025978,CC(C(=O)OC1CC2C3(CCC(C(C3CCC2(C4(C1C(CC4)C(C)(CCCC(C)(C)O)O)C)C)(C)C)O)C)N
137651378,CC1CN(CC(O1)C)CCCOC2=C(C=C(C=C2)C=CC(=O)C3=C(C=C(C=C3)Cl)Cl)OC
137633785,COC1=C(C=CC(=C1)C=CC(=O)C2=CC=C(C=C2)Br)OCCN3CCOCC3
127025691,CC(C(C(=O)OC1CCC2(C(C1(C)C)CCC3(C2CC(C4C3(CCC4C(C)(CCCC(C)(C)O)O)C)O)C)C)N)O
137652786,COC1=C(C=CC(=C1)C=CC(=O)C2=CC=C(C=C2)Br)OCCCN3CCCCC3
145953258,CC12CC(C3C(C1CCC2OC)CCC4=CC(=C(C=C34)OC)OC)OC(=O)C5=CC=C(C=C5)NC(=O)CN(C)C
145983475,CC1C(C(C(C(O1)OC2C(C(COC2OC3CCC4(C(C3(C)C)CCC5(C4CC=C6C5(CCC7(C6CC(CC7)(C)C)C(=O)NCC8=CN(N=N8)C9=C(C=CC=C9C)C)C)C)C)OC1C(C(C(C(O1)CO)O)O)O)O)O)O)O
145976003,CC[N+](=C1C(=CC=C2C(C3=CC=CC=C3N2C)(C)C)CCCC1=CC=C4C(C5=CC=CC=C5N4C)(C)C)CCO.[I-]
137632039,COC1=C(C=CC(=C1)C=CC(=O)C2=CC=CC=C2)OCCCCN3CCCCC3
137660766,COC1=CC=C(C=C1)C(=O)C=CC2=CC(=C(C=C2)OCCN3CCOCC3)OC
145975787,CC1(C2=CC=CC=C2N(C1=CC=C3CCCC(=CC=C4C(C5=CC=CC=C5N4C)(C)C)C3=[N+](C)CCO)C)C.[I-]
76328623,C1=CSC(=C1)C(=O)NC2=CC3=C(C=C2)C(=O)N(S3(=O)=O)CCCCCC(=O)NO
145972974,CC1(C2=CC=CC=C2N(C1=CC=C3CCCC(=CC=C4C(C5=CC=CC=C5N4C)(C)C)C3=[N+]6CCC(CC6)CO)C)C.[I-]
145960685,COC1=CC2=C(C=C1)SC(=N2)NC(=O)CN3C=C(C4=CC=CC=C43)C(=O)C(=O)NC5CC5
137646584,COC1=CC=C(C=C1)C(=O)C=CC2=CC(=C(C=C2)OCCCN3CCCCC3)OC
44561973,C1=CC(=CC(=C1)Cl)C(=O)C=CC2=CC=C(O2)C=CC(=O)NO
127052332,COC1=CC=C(C=C1)NC=CC(=O)C2=CN(N=C2C3=CC(=C(C(=C3)OC)OC)OC)C4=CC=CC=C4
71574594,CCOC(=O)C1=C(NC(=S)NC1C2=CC3=C(C(=C2)C)OC(=O)C(=C3)C4=CC(=C(C=C4)OC)OC)C
155565889,C1=CC=C(C=C1)N2C=C(C(=N2)C3=CC=C(C=C3)Cl)C4=NN(N=N4)CC(=O)O
127025969,CC1(C2CCC3(C(C2(CCC1OC(=O)C(CCC(=O)O)N)C)CC(C4C3(CCC4C(C)(CCCC(C)(C)O)O)C)O)C)C
127048208,COC1=CC(=CC(=C1OC)OC)NC=CC(=O)C2=CN(N=C2C3=CC=C(C=C3)Cl)C4=CC=CC=C4
2733526,CCC(=C(C1=CC=CC=C1)C2=CC=C(C=C2)OCCN(C)C)C3=CC=CC=C3
127025690,CC1(C2CCC3(C(C2(CCC1OC(=O)C(CC4=CN=CN4)N)C)CC(C5C3(CCC5C(C)(CCCC(C)(C)O)O)C)O)C)C
137648171,C1COC2(C3=C(C=CC(=C3)Cl)N(C2=O)CC(=O)NCC4=CC=C(C=C4)C(=O)NC5=C(C=CC(=C5)C6=CC=CS6)N)OC1
145973861,COC1=CC=C(C=C1)C2=COC3=C(C2=O)C=CC(=C3)OCCCN4C=C(N=N4)CSC5=NC(=C(N=N5)C6=CC=CC=C6)C7=CC=CC=C7
155557023,C1=CC(=CC=C1NC2=NC(=NC=C2F)NC3=CNN=C3)Cl
145989731,CN1C(=NN=N1)SCC(=O)N(CC2=CC=C(C=C2)OC)C3=CC(=C(C(=C3)OC)OC)OC
145958163,CC12CC(C3C(C1CCC2OC)CCC4=C3C=CC(=C4)OC)OC(=O)C5=CC=C(C=C5)NC(=O)CN6CCCC6
138753555,C1=CC=C(C=C1)C2=C(N=NC(=N2)SCC3=CN(N=N3)CC4=CC=C(C=C4)F)C5=CC=CC=C5
127049500,COC1=CC=C(C=C1)NC=CC(=O)C2=CN(N=C2C3=CC=C(C=C3)Cl)C4=CC=CC=C4
73214548,CC(C)(C)OC(=O)N1CC(CC1C(=O)NC(CC2=CC=C(C=C2)Br)C(=O)NS(=O)(=O)C3=CC(=C(C=C3)Cl)[N+](=O)[O-])OC4=CC=C(C=C4)C5=CC=CC=C5
122182039,C1COC2(C3=C(C=CC(=C3)Br)N(C2=O)CC(=O)NC4=CC=C(C=C4)C(=O)NO)OC1
24894137,C1CN(CCC1(C2=CC=C(C=C2)Cl)O)CCCC(C3=CC=C(C=C3)F)OC(=O)CCCC4=CC=CC=C4
137651328,CCC(CC)(CCOC1=C(C=C(C=C1)C(CC)(CC)C2=CC=C(N2CC)C(=O)NC(CC(=O)O)C(=O)OC)C)O
118728221,CC1(CCC2C(C1CC#N)CCC3=C2C=CC(=C3)O)CC#N
73213546,CC(C)(C)OC(=O)N1CC(CC1C(=O)NC(CC2=CC=C(C=C2)Br)C(=O)NS(=O)(=O)C3=CC(=C(C=C3)Cl)[N+](=O)[O-])OC4=CC=C(C=C4)C5=CC=C(C=C5)Cl
127052011,COC1=CC(=CC(=C1OC)OC)C2=NN(C=C2C(=O)C=CNC3=CC=C(C=C3)Cl)C4=CC=CC=C4
145982665,CC1(CCCC23C1CC(C45C2C(CC(C4O)C(=C)C5=O)O)OC3OCCN6C=C(N=N6)CC7=CC=CC=C7)C
137643760,C1COC2(C3=C(C=CC(=C3)Cl)N(C2=O)CC(=O)NCC4=CC=C(C=C4)C(=O)NC5=CC=CC=C5N)OC1
155535543,CC1(C2CCC3(C(C2(CCC1OC(=O)C4=C(C=C(C=C4)F)F)C)CC(C5C3(CCC5C(C)(CCCC(C)(C)OC)O)C)O)C)C
145979292,CC12CCC3C(C1CCC2=CC4=CC=CC=N4)CC=C5C3(CCC6=C5C=CC=N6)C
70681848,CC12CCC(C=C1CCC3C2CCC4(C3CCC4=CC5=CC=CC=N5)C)O
122182038,C1CCOC2(C3=C(C=CC(=C3)Cl)N(C2=O)CC(=O)NC4=CC=C(C=C4)C(=O)NO)OC1
137660092,CCC(CC)(CCOC1=C(C=C(C=C1)C(CC)(CC)C2=CC=C(N2CC)C(=O)NC(C)C(=O)O)C)O
145963323,CCCSC1=NC2=C(C(=N1)N3CCN(CC3)C)NC(=O)C(=O)N2CC4=CC=C(C=C4)Cl
155564188,C1=CC=C2C(=C1)C(=CN2)CC(C(=O)NC3=CC=NC=C3)NC(=O)C4=CC=C(C=C4)C=CC(=O)NO
71615069,CC1(C2CCC3(C(C2(CCC1OC(=O)C(CCCN=C(N)N)NC(=O)OC(C)(C)C)C)CC(C4C3(CCC4C(C)(CCCC(C)(C)O)O)C)O)C)C
969516,COC1=C(C=CC(=C1)C=CC(=O)CC(=O)C=CC2=CC(=C(C=C2)O)OC)O
137661935,C1CCC2=C(C1)C(=C(S2)C#CC3=CC=CC=C3)C(=O)C4=CC=C(C=C4)[N+](=O)[O-]
145985616,CC1(CCCC23C1CC(C45C2C(CC(C4O)C(=C)C5=O)O)OC3OCCN=[N+]=[N-])C
66414,CC12CCC3C(C1CCC2O)CCC4=CC(=C(C=C34)OC)O
76332307,C1=CC(=CC=C1C(=O)NC2=CC3=C(C=C2)C(=O)N(S3(=O)=O)CCCCCC(=O)NO)[N+](=O)[O-]
145965223,CC1(C2=CC=CC=C2[N+](=C1C=CC3=C(C(=CC=C4C(C5=CC=CC=C5N4C)(C)C)CCC3)SC6=CC=NC=C6)C)C.[I-]
76335939,C1=CC=C(C=C1)C(=O)NC2=CC3=C(C=C2)C(=O)N(S3(=O)=O)CCCCCC(=O)NO
56673754,CC(C)(C)OC(=O)NC(CC1=CC=CC=C1)C(=O)N2CC3(CC2C(=O)NCCCCCC(=O)NO)SCCS3
137656336,CCC(CC)(CCOC1=C(C=C(C=C1)C(CC)(CC)C2=CC=C(N2CC)C(=O)N(C)CC=C)C)O
145976420,CC1(C2=CC=CC=C2[N+](=C1C=CC3=C(C(=CC=C4C(C5=CC=CC=C5N4C)(C)C)CCC3)NCCN(C)C)C)C.[I-]
44562037,C1=CC=C(C=C1)C(=O)C=CC2=CC=C(O2)C=CC(=O)NO
127048212,COC1=CC=C(C=C1)C2=NN(C=C2C(=O)C=CNC3=CC=C(C=C3)OC)C4=CC=CC=C4
18568590,CC1=C(OC2=C1C=C(C=C2)NC(=O)C3=CC=C(C=C3)F)C(=O)C4=CC=CC=C4
73213478,CC1=CC=C(C=C1)C2=CC=C(C=C2)OC3CC(N(C3)C(=O)OC(C)(C)C)C(=O)NC(CC4=CC=CC=C4)C(=O)NS(=O)(=O)C5=CC(=C(C=C5)Cl)[N+](=O)[O-]
155544683,CC1(C2CCC3(C(C2(CCC1OC(=O)C4=CC(=CC=C4)F)C)CC(C5C3(CCC5C(C)(CCCC(C)(C)OC)O)C)O)C)C
155539973,C1=CC=C(C(=C1)CNC2=NC(=NC3=C2C=CN3)NC4=CNN=C4)Cl
145963393,COC1=CC2=C(C=C1)SC(=N2)NC(=O)CN3C=C(C4=C3C=CC(=C4)Br)C(=O)C(=O)NC5=CC=CC=C5
56666803,CC(C)(C)OC(=O)NC(CC1=CNC2=CC=CC=C21)C(=O)N3CC4(CC3C(=O)NCCCCCC(=O)NO)SCCS4
137654862,CCC(C)C(C(=O)O)NC(=O)C1=CC=C(N1CC)C(CC)(CC)C2=CC(=C(C=C2)OCCC(CC)(CC)O)C
73213545,CC1=CC=C(C=C1)C2=CC=C(C=C2)OC3CC(N(C3)C(=O)OC(C)(C)C)C(=O)NC(CC4=CC=C(C=C4)Br)C(=O)NS(=O)(=O)C5=CC(=C(C=C5)Cl)[N+](=O)[O-]
127051967,COC1=CC(=CC(=C1OC)OC)C2=NN(C=C2C(=O)C=CNC3=CC(=C(C(=C3)OC)OC)OC)C4=CC=CC=C4
145979311,COC1=CC=C(C=C1)CN(C2=CC(=C(C(=C2)OC)OC)OC)C(=O)CSC3=NC4=CC=CC=C4N3
137650269,COC1=CC=C(C=C1)C(=O)C2=C(SC3=C2CCCC3)C#CC4=CC=CC=C4
132519431,C1CCC2=C(C1)C(=C(S2)C3=CC=CC=C3)C(=O)C4=CC=C(C=C4)[N+](=O)[O-]
138753556,C1=CC=C(C=C1)C2=C(N=NC(=N2)SCC3=CN(N=N3)CC4=CC=C(C=C4)Cl)C5=CC=CC=C5
155556001,CC1(C2CCC3(C(C2(CCC1OC(=O)C4=CC=CC=C4[N+](=O)[O-])C)CC(C5C3(CCC5C(C)(CCCC(C)(C)OC)O)C)O)C)C
137649849,CCC(CC)(CCOC1=C(C=C(C=C1)C(CC)(CC)C2=CC=C(N2CC)C(=O)OC(C)C#C)C)O
145986009,CC1(CCCC23C1CC(C45C2C(CC(C4O)C(=C)C5=O)O)OC3O)C
60148509,CCCCCCC(C)(C)C1=CC(=O)C2=C(C1=O)OC(C3=C2NN=C3)(C)C
155519691,CC1(C2CCC3(C(C2(CCC1OC(=O)C4=CC=C(C=C4)F)C)CC(C5C3(CCC5C(C)(CCCC(C)(C)OC)O)C)O)C)C
44561976,C1=CC=C2C=C(C=CC2=C1)C(=O)C=CC3=CC=C(O3)C=CC(=O)NO
145955171,COC1=CC2=C(C=C1)SC(=N2)NC(=O)CCN3C=C(C4=CC=CC=C43)C(=O)C(=O)N5CCCCC5
137649917,COC1=CC(=CC(=C1OC)OC)C(=O)C2=C(SC3=C2CCCC3)C#CC4=CC=CC=C4
145958622,C1=CC=C(C=C1)CN2C=C(N=N2)CC3=NC(=C(N=N3)C4=CC=CC=C4)C5=CC=CC=C5
53387832,CCOC(=O)C1=C(C2=C(O1)C=CC(=C2)NS(=O)(=O)C3=CC=C(C=C3)F)C
25141401,CC1=CC=C(C=C1)C(=O)C=CC2=CC=C(O2)C=CC(=O)NO
44562035,C1=CC(=C(C=C1Cl)Cl)C(=O)C=CC2=CC=C(O2)C=CC(=O)NO
137648788,CC1=CC=C(C=C1)COC2=CC3=C(C=C2)C=C(C(=O)O3)C(=O)NCC4=CC=C(C=C4)C(=O)NC5=CC=CC=C5N
155526185,CC1(C2CCC3(C(C2(CCC1OC(=O)C4=CC=C(C=C4)[N+](=O)[O-])C)CC(C5C3(CCC5C(C)(CCCC(C)(C)OC)O)C)O)C)C
145950699,CC12CC(C3C(C1CCC2OCOC)CCC4=C3C=CC(=C4)OCOC)OC(=O)C5=CC=C(C=C5)NC(=O)CN6CCCC6
5280453,CC(CCCC(C)(C)O)C1CCC2C1(CCCC2=CC=C3CC(CC(C3=C)O)O)C
137658518,CCC(CC)(C1=CC(=C(C=C1)OCC(C(C)(C)C)O)C)C2=CC=C(N2CC)C(=O)NC(C)CO
155527362,CC1(C2CCC3(C(C2(CCC1OC(=O)C=CC4=CC=C(C=C4)F)C)CC(C5C3(CCC5C(C)(CCCC(C)(C)OC)O)C)O)C)C
145959239,CC12CC(C3C(C1CCC2OCOC)CCC4=C3C=CC(=C4)OCOC)OC(=O)C5=CC=C(C=C5)NC(=O)CN(C)C
90468082,C1CCOC2(C3=C(C=CC(=C3)Br)N(C2=O)CC(=O)NC4=CC=C(C=C4)C(=O)NO)OC1
137648901,CCC(CC)(CCOC1=C(C=C(C=C1)C(CC)(CC)C2=CC=C(N2CC)C(=O)NCC#N)C)O
145957210,CC12CC(C3C(C1CCC2OC)CCC4=C3C=CC(=C4)OC)OC(=O)C5=CC=C(C=C5)NC(=O)CN6CCN(CC6)C
137660190,CC1=CC=C(C=C1)S(=O)(=O)NC(=O)C(CC2=CNC3=CC=CC=C32)NC(=O)C4=CN(C5=CC=CC=C54)CC6=CC=C(C=C6)C7=CC=C(C=C7)OC
127052009,COC1=CC=C(C=C1)C2=NN(C=C2C(=O)C=CNC3=CC(=C(C(=C3)OC)OC)OC)C4=CC=CC=C4
118728222,CC1(CCC2C(C1CC#N)CC=C3C2(CCC(C3)O)C)CC#N
24753719,COC1=CC=C(C=C1)CN2C=CC3=C2C=C(C=C3)C(=O)NO
71574595,CCOC(=O)C1=C(NC(=O)NC1C2=CC3=C(C(=C2)C)OC(=O)C(=C3)C4=CC(=C(C(=C4)OC)OC)OC)C
145954696,CC12CC(C3C(C1CCC2O)CCC4=C3C=CC(=C4)O)OC(=O)C5=CC=C(C=C5)NC(=O)CN6CCN(CC6)C
66574334,CC12CCC=CC1=CCC3C2CCC4(C3CCC4(CC5=CC=CC=N5)O)C
71574597,CCOC(=O)C1=C(NC(=S)NC1C2=CC(=C3C(=C2)C=C(C(=O)O3)C4=CC(=C(C(=C4)OC)OC)OC)C(C)(C)C)C
71574593,CCOC(=O)C1=C(NC(=O)NC1C2=CC3=C(C(=C2)C)OC(=O)C(=C3)C4=CC(=C(C=C4)OC)OC)C
71574596,CCOC(=O)C1=C(NC(=S)NC1C2=CC3=C(C(=C2)C)OC(=O)C(=C3)C4=CC(=C(C(=C4)OC)OC)OC)C
71574504,CCOC(=O)C1=C(NC(=O)NC1C2=CC3=C(C(=C2)C)OC(=O)C(=C3)C4=CC=C(C=C4)OC)C
71574505,CCOC(=O)C1=C(NC(=S)NC1C2=CC3=C(C(=C2)C)OC(=O)C(=C3)C4=CC=C(C=C4)OC)C
137639418,COC1=C(C=CC(=C1)C=CC(=O)C2=C(C=C(C=C2)Cl)Cl)OCCCN3CCC4=CC=CC=C43
137632328,COC1=C(C=CC(=C1)C=CC(=O)C2=CC=C(C=C2)Br)OCCCN3CCCC4=CC=CC=C43
137635733,CC1CN(CC(O1)C)CCCOC2=C(C=C(C=C2)C=CC(=O)C3=CC=CC=C3OC)OC
137641481,COC1=C(C=CC(=C1)C=CC(=O)C2=CC=CC=C2)OCCCN3CCCC4=CC=CC=C43
137647307,CC1CN(CC(O1)C)CCCOC2=C(C=C(C=C2)C=CC(=O)C3=CC=C(C=C3)OC)OC
137644204,COC1=C(C=CC(=C1)C=CC(=O)C2=CC=C(C=C2)Cl)OCCCN3CCCC4=CC=CC=C43
137652932,CC1CN(CC(O1)C)CCCOC2=C(C=C(C=C2)C=CC(=O)C3=CC=C(C=C3)C)OC
137658992,COC1=CC=C(C=C1)C(=O)C=CC2=CC(=C(C=C2)OCCCN3CCC4=CC=CC=C43)OC
137634564,COC1=CC=C(C=C1)C(=O)C=CC2=CC(=C(C=C2)OCCCN3CCCC4=CC=CC=C43)OC
145987107,COC1=CC=C(C=C1)CN(C2=CC(=C(C(=C2)OC)OC)OC)C(=O)CCSC3=NC4=CC=CC=C4O3
145993139,COC1=CC=C(C=C1)CN(C2=CC(=C(C(=C2)OC)OC)OC)C(=O)CSC3=NC4=C(S3)C=C(C=C4)OC
137638383,CC1=CC=C(C=C1)C(=O)C2=C(SC3=C2CCCC3)C#CC4=CC=CC=C4
66574336,CC12CCC3C(C1CCC2=CC4=CC=CC=N4)CC=C5C3(CCC=C5)C
137637538,C1=CC=C(C(=C1)N)NC(=O)C2=CC=C(C=C2)CNC(=O)C3=CC4=C(C=C(C=C4)OCC5=CC=C(C=C5)Cl)OC3=O
66574393,CC12CCC(=O)C(=C1C=CC3C2CCC4(C3CCC4(CC5=CC=CC=N5)O)C)O
137634129,CC1=CC=C(C=C1)C#CC2=C(C3=C(S2)CCCC3)C(=O)C4=CC=C(C=C4)[N+](=O)[O-]
132519441,CC1=C(SC(=C1C(=O)C2=CC=C(C=C2)OC)C#CC3=CC=CC=C3)C
44562039,C1=CC(=CC=C1C=CC2=CC=C(O2)C(=O)NO)O
90468081,C1COC2(C3=C(C=CC(=C3)Cl)N(C2=O)CC(=O)NC4=CC=C(C=C4)C(=O)NO)OC1
71614081,CC(C(=O)OC1CCC2(C(C1(C)C)CCC3(C2CC(C4C3(CCC4C(C)(CCCC(C)(C)O)O)C)O)C)C)NC(=O)OC(C)(C)C
138753558,C1=CC=C(C=C1)C2=C(N=NC(=N2)SCC3=CN(N=N3)CC4=CC=C(C=C4)Br)C5=CC=CC=C5
155534470,CC1(C2CCC3(C(C2(CCC1OC(=O)C4=CC=CC=C4Cl)C)CC(C5C3(CCC5C(C)(CCCC(C)(C)OC)O)C)O)C)C
56661827,CC1=C(OC2=C1C=C(C=C2)S(=O)(=O)NC3=CC=C(C=C3)F)C(=O)C4=CC=CC=C4
132519434,C1CCC2=C(CC1)SC(=C2C(=O)C3=CC=CC=C3)C4=CC=CC=C4
137650440,CC1=CC(=CC=C1)COC2=CC3=C(C=C2)C=C(C(=O)O3)C(=O)NCC4=CC=C(C=C4)C(=O)NC5=CC=CC=C5N
66574280,CC12CCC(C(C1=CCC3C2CCC4(C3CCC4(CC5=CC=CC=N5)O)C)O)O
66574395,CC12CCC(C=C1CCC3C2CCC4(C3CCC4(CC5=CC=CC=N5)O)C)O
145949175,CC1=CC=C(C=C1)CN2C=C(N=N2)CSC3=NC(=C(N=N3)C4=CC=CC=C4)C5=CC=CC=C5
137650291,C1=CC=C(C(=C1)N)NC(=O)C2=CC=C(C=C2)CNC(=O)C3=CC4=C(C=C(C=C4)OCC5=CC(=C(C=C5)Cl)Cl)OC3=O
145949335,CCCSC1=NC2=C(C(=N1)N3CCN(CC3)C)NC(=O)C(=O)N2CC4=CC=CC=C4
137658769,C1CCC2=C(C1)C(=C(S2)C#CC3=CC=CC=C3)C(=O)C4=CC=CC=C4
132519432,COC1=CC=C(C=C1)C(=O)C2=C(SC3=C2CCCC3)C4=CC=CC=C4
132519436,CC1=CC=C(C=C1)C(=O)C2=C(SC3=C2CCCCC3)C4=CC=CC=C4
145960105,CC12CC(C3C(C1CCC2O)CCC4=C3C=CC(=C4)O)OC(=O)C5=CC=C(C=C5)NC(=O)CN(C)C
155512959,CC1(C2CCC3(C(C2(CCC1OC(=O)C=CC4=CC=C(C=C4)Cl)C)CC(C5C3(CCC5C(C)(CCCC(C)(C)OC)O)C)O)C)C
137644084,C1=CC=C(C=C1)CC(C(=O)NS(=O)(=O)C2=CC=CC=C2)NC(=O)C3=CN(C4=CC=CC=C43)CC5=CC=C(C=C5)C6=CC=C(C=C6)Cl
137655186,CCC(CC)(CCOC1=C(C=C(C=C1)C(CC)(CC)C2=CC=C(N2CC)C(=O)NC3=CC=CC(=C3)C(F)(F)F)C)O
132519429,C1CCC2=C(C1)C(=C(S2)C3=CC=CC=C3)C(=O)C4=CC=CC=C4
127025950,CCC(C)C(C(=O)OC1CCC2(C(C1(C)C)CCC3(C2CC(C4C3(CCC4C(C)(CCCC(C)(C)O)O)C)O)C)C)NC(=O)OC(C)(C)C
118728695,C1=CC(=CC=C1CC(C(=O)NS(=O)(=O)C2=CC=C(C=C2)[N+](=O)[O-])N3C(=O)C(=CC4=CC=C(C=C4)C5=CC=C(C=C5)Cl)SC3=S)Br
145991016,CC(=O)C=CC1=CC(=C(C=C1)OCC2=CN(N=N2)C3=C(C=CC=C3F)F)OC
44562034,C1=CC(=C(C=C1Cl)C(=O)C=CC2=CC=C(O2)C=CC(=O)NO)Cl
53389591,CC(C)(C)OC(=O)NC(CC1=CC=C(C=C1)O)C(=O)N2CC3(CC2C(=O)NCCCCCC(=O)NO)SCCS3
122186707,C1=CC=C2C(=C1)C(=O)N(S2(=O)=O)CCCC(=O)NC3=CC=C(C=C3)C(=O)NO
122186710,C1=CC=C(C=C1)C2=CC3=C(C=C2)C(=O)N(S3(=O)=O)CCCC(=O)NC4=CC=C(C=C4)C(=O)NO
127025952,CC1(C2CCC3(C(C2(CCC1OC(=O)C(CC4=CC=C(C=C4)O)NC(=O)OC(C)(C)C)C)CC(C5C3(CCC5C(C)(CCCC(C)(C)O)O)C)O)C)C
127025953,CC1(C2CCC3(C(C2(CCC1OC(=O)C(CO)NC(=O)OC(C)(C)C)C)CC(C4C3(CCC4C(C)(CCCC(C)(C)O)O)C)O)C)C
132519439,CC1=CC=C(C=C1)C(=O)C2=C(SC(=C2C)C)C#CC3=CC=CC=C3
137656551,CC1CCC2CC(C(=CC=CC=CC(CC(C(=O)C(C(C(=CC(C(=O)CC(OC(=O)C3CCCCN3C(=O)C(=O)C1(O2)O)C(C)CC4CCC(C(C4)OC)OCCOC(=O)CSCC(C(=O)NCC(=O)O)NC(=O)CCC(C(=O)O)N)C)C)O)OC)C)C)C)OC
132519427,CC1=CC=C(C=C1)C(=O)C2=C(SC(=C2C)C)C3=CC=CC=C3
71510396,C1=CC=C2C(=C1)C(=CC(=C2O)SC3=NC=NN3)NC(=O)C4=CC(=CC=C4)[N+](=O)[O-]
145955119,COC1=CC=C(C=C1)CN2C=C(N=N2)CSC3=NC(=C(N=N3)C4=CC=CC=C4)C5=CC=CC=C5
15923208,CC1(CCC(C23C1C(C(C45C2CCC(C4O)C(=C)C5=O)(OC3)O)O)O)C
76310410,C1=CC=C2C(=C1)C(=CC(=C2O)SC3=NC=NC4=C3NC=N4)NS(=O)(=O)C5=C(C=CC=C5Cl)Cl
127025671,CC1(C2CCC3(C(C2(CCC1OC(=O)C(CC4=CN=CN4)NC(=O)OC(C)(C)C)C)CC(C5C3(CCC5C(C)(CCCC(C)(C)O)O)C)O)C)C
127025673,CC(C(C(=O)OC1CCC2(C(C1(C)C)CCC3(C2CC(C4C3(CCC4C(C)(CCCC(C)(C)O)O)C)O)C)C)NC(=O)OC(C)(C)C)O
66574278,CC12CCC(CC13C(O3)CC4C2CCC5(C4CCC5(CC6=CC=CC=[N+]6[O-])O)C)O
155516818,CC1(C2CCC3(C(C2(CCC1OC(=O)C4=CC=C(C=C4)Cl)C)CC(C5C3(CCC5C(C)(CCCC(C)(C)OC)O)C)O)C)C
137641111,CCC(C)C(CO)NC(=O)C1=CC=C(N1CC)C(CC)(CC)C2=CC(=C(C=C2)OCCC(CC)(CC)O)C
145951372,CCCSC1=NC(=C2C(=N1)N(C(=O)C(=O)N2)CC3=CC=CC=C3)NC4=CC=CC=C4
137641044,C1=CC=C(C=C1)CC(C(=O)NS(=O)(=O)C2=CC(=C(C=C2)Cl)[N+](=O)[O-])NC(=O)C3=CN(C4=CC=CC=C43)CC5=CC=C(C=C5)C6=CC=C(C=C6)Cl
127025951,CC1(C2CCC3(C(C2(CCC1OC(=O)C(CCC(=O)OCC4=CC=CC=C4)NC(=O)OC(C)(C)C)C)CC(C5C3(CCC5C(C)(CCCC(C)(C)O)O)C)O)C)C
137636225,C1=CC=C(C(=C1)N)NC(=O)C2=CC=C(C=C2)CNC(=O)C3=CC4=C(C=C(C=C4)OCC5=C(C=C(C=C5)Cl)Cl)OC3=O
18477728,CC1CCC2CC(C(=CC=CC=CC(CC(C(=O)C(C(C(=CC(C(=O)CC(OC(=O)C3CCCCN3C(=O)C(=O)C1(O2)O)C(C)CC4CCC(C(C4)OC)OCCO)C)C)O)OC)C)C)C)OC
145958677,CCCSC1=NC2=C(C(=N1)OC3=CC=CC=C3)NC(=O)C(=O)N2CC4=CC=CC=C4
155523300,CC1(C2CCC3(C(C2(CCC1OC(=O)C4=CC=CC=C4)C)CC(C5C3(CCC5C(C)(CCCC(C)(C)OC)O)C)O)C)C
132519438,CC1=C(SC(=C1C(=O)C2=CC=CC=C2)C#CC3=CC=CC=C3)C
76310413,C1=CC=C2C(=C1)C(=CC(=C2O)SC3=NC=NC4=C3NC=N4)NS(=O)(=O)C5=CC=C(C=C5)Cl
145981776,CC(=O)C=CC1=CC(=C(C=C1)OCC2=CN(N=N2)C3=CC(=CC=C3)OC)OC
145969470,COC1=C(C=C(C=C1)C=CC(=O)C2=CC(=C(C(=C2)OC)OC)OC)OCCCC(=O)NCCCNCCCCNCCN
145988484,COC1=CC=C(C=C1)CN(C2=CC(=C(C(=C2)OC)OC)OC)C(=O)CCCSC3=NC4=CC=CC=C4O3
76321357,CS(=O)(=O)NC1=CC(=C(C2=CC=CC=C21)O)SC3=NC=NC4=C3NC=N4
145972479,CCCSC1=NC2=C(C(=N1)N3CCN(CC3)CC4=CC=CC=C4)NC(=O)C(=O)N2CC5=CC=CC=C5
66574338,CC12CCC3C(C1CCC2=CC4=CC=CC=N4)CCC5=C(C(=O)CCC35C)OC
132519440,CC1=C(SC(=C1C(=O)C2=CC=C(C=C2)[N+](=O)[O-])C#CC3=CC=CC=C3)C
145968360,COC1=CC(=CC(=C1OC)OC)C(=O)C=CC2=CC=C(C=C2)OCCCC(=O)NCCCNCCCCNCCN
56659902,CC(C)(C)OC(=O)NCCCCC(C(=O)N1CC2(CC1C(=O)NCCCCCC(=O)NO)SCCS2)NC(=O)OC(C)(C)C
44562078,COC1=CC=CC(=C1O)C=CC2=CC=C(O2)C(=O)NO
155535735,CC1(C2CCC3(C(C2(CCC1OC(=O)C4=CC=C(C=C4)Br)C)CC(C5C3(CCC5C(C)(CCCC(C)(C)OC)O)C)O)C)C
44561975,COC1=CC2=C(C=C1)C=C(C=C2)C(=O)C=CC3=CC=C(O3)C=CC(=O)NO
155523380,CC1(C2CCC3(C(C2(CCC1OC(=O)C=CC4=CC=CC=C4)C)CC(C5C3(CCC5C(C)(CCCC(C)(C)OC)O)C)O)C)C
137656344,CC1=CC=C(C=C1)C#CC2=C(C3=C(S2)CCCC3)C(=O)C4=CC(=C(C(=C4)OC)OC)OC
132519430,CC1=CC=C(C=C1)C(=O)C2=C(SC3=C2CCCC3)C4=CC=CC=C4
145983859,CC1C(C(C(C(O1)OC2C(C(COC2OC3CCC4(C(C3(C)C)CCC5(C4CC=C6C5(CCC7(C6CC(CC7)(C)C)C(=O)NCC8=CN(N=N8)C9=CC=CC=C9OC)C)C)C)OC1C(C(C(C(O1)CO)O)O)O)O)O)O)O
56658323,CC1=C(OC2=C1C=C(C=C2)NS(=O)(=O)C3=CC=C(C=C3)F)C(=O)C4=CC=CC=C4
155551558,CC1(C2CCC3(C(C2(CCC1OC(=O)C4=CC(=CC(=C4)Br)Br)C)CC(C5C3(CCC5C(C)(CCCC(C)(C)OC)O)C)O)C)C
145952292,CC12CC(C3C(C1CCC2O)CCC4=C3C=CC(=C4)O)OC(=O)C5=CC=C(C=C5)NC(=O)CN6CCCC6
44562077,C1=CC(=C(C(=C1)Cl)Cl)C=CC2=CC=C(O2)C(=O)NO
76321355,C1=CC=C2C(=C1)C(=CC(=C2O)SC3=NC=NC4=C3NC=N4)NS(=O)(=O)C5=CC=CC6=C5N=CC=C6
145984593,CC1C(C(C(C(O1)OC2C(C(COC2OC3CCC4(C(C3(C)C)CCC5(C4CC=C6C5(CCC7(C6CC(CC7)(C)C)C(=O)NCC8=CN(N=N8)C9=CC=CC=C9F)C)C)C)OC1C(C(C(C(O1)CO)O)O)O)O)O)O)O
53318176,CC1(C2CCC3(C(C2(CCC1O)C)CC(C4C3(CCC4C(C)(CCCC(C)(C)OC)O)C)O)C)C
132519433,CC1=C(SC(=C1C(=O)C2=CC=CC=C2)C3=CC=CC=C3)C
155522704,CC1(C2CCC3(C(C2(CCC1OC(=O)C4=C(C=CC(=C4)F)Br)C)CC(C5C3(CCC5C(C)(CCCC(C)(C)OC)O)C)O)C)C
16418131,CC1=C(OC2=C1C=C(C=C2)NC(=O)C)C(=O)C3=CC=CC=C3
72281,COC1=C(C=C(C=C1)C2CC(=O)C3=C(C=C(C=C3O2)O)O)O
132519437,C1CCC2=C(CC1)SC(=C2C(=O)C3=CC=C(C=C3)[N+](=O)[O-])C4=CC=CC=C4
44562036,C1=CC(=CC=C1C(=O)C=CC2=CC=C(O2)C=CC(=O)NO)F
52944438,CC(=O)C=CC1=CC(=C(C=C1)OCC#C)OC
44562038,C1=CC=C(C=C1)C=CC2=CC=C(O2)C(=O)NO
137634626,CC1=CC=C(C=C1)C#CC2=C(C(=C(S2)C)C)C(=O)C3=CC=C(C=C3)[N+](=O)[O-]
118728696,C1=CC(=CC=C1CC(C(=O)NS(=O)(=O)C2=CC=C(C=C2)[N+](=O)[O-])N3C(=O)C(=CC4=CC=C(C=C4)C5=CC=C(C=C5)[N+](=O)[O-])SC3=S)Br
127025667,CC(C)CC(C(=O)OC1CCC2(C(C1(C)C)CCC3(C2CC(C4C3(CCC4C(C)(CCCC(C)(C)O)O)C)O)C)C)NC(=O)OC(C)(C)C
145986168,CC1C(C(C(C(O1)OC2C(C(COC2OC3CCC4(C(C3(C)C)CCC5(C4CC=C6C5(CCC7(C6CC(CC7)(C)C)C(=O)NCC8=CN(N=N8)C9=CN=CC=C9)C)C)C)OC1C(C(C(C(O1)CO)O)O)O)O)O)O)O
66574281,CC12CCC(C(C1=CCC3C2CCC4(C3CCC4(CC5=CC=CC=N5)O)C)O)O
76310412,COC1=CC=C(C=C1)S(=O)(=O)NC2=CC(=C(C3=CC=CC=C32)O)SC4=NC=NC5=C4NC=N5
145983322,CC1C(C(C(C(O1)OC2C(C(COC2OC3CCC4(C(C3(C)C)CCC5(C4CC=C6C5(CCC7(C6CC(CC7)(C)C)C(=O)NCC8=CN(N=N8)C9=C(C=CC=C9Cl)Cl)C)C)C)OC1C(C(C(C(O1)CO)O)O)O)O)O)O)O
145979816,CC(=O)C=CC1=CC(=C(C=C1)OCC2=CN(N=N2)C3=CC=C(C=C3)N=NC4=CC=CC=C4)OC
71510397,COC1=CC=CC(=C1)C(=O)NC2=CC(=C(C3=CC=CC=C32)O)SC4=NC=NN4
137650414,C1=CC=C(C(=C1)N)NC(=O)C2=CC=C(C=C2)CNC(=O)C3=CC4=C(C=C(C=C4)OCC5=C(C(=CC=C5)Cl)Cl)OC3=O
155557814,CC1(C2CCC3(C(C2(CCC1OC(=O)C4=C(C=C(C=C4)F)F)C)CC(C5C3(CCC5C(C)(CCCC(C)(C)OC)O)C)OC(=O)C6=C(C=C(C=C6)F)F)C)C
5354238,CC(=O)C=CC1=CC(=C(C=C1)O)OC
76317634,C1=CC=C(C=C1)C2=CC=C(C=C2)S(=O)(=O)NC3=CC(=C(C4=CC=CC=C43)O)SC5=NC=NC6=C5NC=N6
76317635,C1=CC=C(C=C1)S(=O)(=O)NC2=CC(=C(C3=CC=CC=C32)O)SC4=NC=NC5=C4NC=N5
145978943,CC1C(=CN=N1)SCC(=O)N(CC2=CC=C(C=C2)OC)C3=CC(=C(C(=C3)OC)OC)OC
145985342,CC1C(C(C(C(O1)OC2C(C(COC2OC3CCC4(C(C3(C)C)CCC5(C4CC=C6C5(CCC7(C6CC(CC7)(C)C)C(=O)NCC8=CN(N=N8)C9=CC=CC=C9)C)C)C)OC1C(C(C(C(O1)CO)O)O)O)O)O)O)O
145981013,COC1=CC=C(C=C1)CN(C2=CC(=C(C(=C2)OC)OC)OC)C(=O)CCCCSC3=NC4=CC=CC=C4O3
44562076,C1OC2=C(O1)C=C(C=C2)C=CC3=CC=C(O3)C(=O)NO
155561576,CC1(C2CCC3(C(C2(CCC1OC(=O)C4=CC=CC=C4I)C)CC(C5C3(CCC5C(C)(CCCC(C)(C)OC)O)C)O)C)C
137656735,COC1=CC=C(C=C1)COC2=CC3=C(C=C2)C=C(C(=O)O3)C(=O)NCC4=CC=C(C=C4)C(=O)NC5=CC=CC=C5N
145987216,CC(=O)C=CC1=CC(=C(C=C1)OCC2=CN(N=N2)C3=CC=C(C=C3)[N+](=O)[O-])OC
145984969,CC1C(C(C(C(O1)OC2C(C(COC2OC3CCC4(C(C3(C)C)CCC5(C4CC=C6C5(CCC7(C6CC(CC7)(C)C)C(=O)NCC8=CN(N=N8)C9=CC=C(C=C9)C(=O)C)C)C)C)OC1C(C(C(C(O1)CO)O)O)O)O)O)O)O
145989858,CC(=O)C=CC1=CC(=C(C=C1)OCC2=CN(N=N2)C3=CC=CC=C3Cl)OC
145969229,COC1=C(C=C(C=C1)C=CC(=O)C2=CC(=C(C(=C2)OC)OC)OC)OCCCC(=O)NCCCCN(CCCCNCCCN)CCCN
137644787,CC1=CC=C(C=C1)C#CC2=C(C3=C(S2)CCCC3)C(=O)C4=CC=C(C=C4)C
137640379,C1=CC=C(C(=C1)N)NC(=O)C2=CC=C(C=C2)CNC(=O)C3=CC4=C(C=C(C=C4)OCC5=CC=C(C=C5)Br)OC3=O
71614080,CC(C(=O)OC1CC2C3(CCC(C(C3CCC2(C4(C1C(CC4)C(C)(CCCC(C)(C)O)O)C)C)(C)C)O)C)NC(=O)OC(C)(C)C
71699047,CC1=NN=C(S1)SC2=C(C3=CC=CC=C3C(=C2)NC(=O)C4=CC=C(C=C4)Cl)O
145984527,CC1C(C(C(C(O1)OC2C(C(COC2OC3CCC4(C(C3(C)C)CCC5(C4CC=C6C5(CCC7(C6CC(CC7)(C)C)C(=O)NCC8=CN(N=N8)C9=CC=CC=C9C(=O)C)C)C)C)OC1C(C(C(C(O1)CO)O)O)O)O)O)O)O
118728679,C1=CC=C(C=C1)S(=O)(=O)NC(=O)C(CC2=CC=C(C=C2)Br)N3C(=O)C(=CC4=CC=C(C=C4)C5=CC=C(C=C5)[N+](=O)[O-])SC3=S
118728680,C1=CC=C(C=C1)S(=O)(=O)NC(=O)C(CC2=CC=C(C=C2)Br)N3C(=O)C(=CC4=CC=C(C=C4)C5=CC=C(C=C5)Cl)SC3=S
127049539,C1=CC=C(C=C1)N2C=C(C(=N2)C3=CC=C(C=C3)Cl)C(=O)C=CNC4=CC=C(C=C4)F
127049541,C1=CC=C(C=C1)N2C=C(C(=N2)C3=CC=C(C=C3)Cl)C(=O)C=CNC4=CC=C(C=C4)C(F)(F)F
127052330,COC1=CC(=CC(=C1OC)OC)C2=NN(C=C2C(=O)C=CNC3=CC=C(C=C3)C(F)(F)F)C4=CC=CC=C4
127048210,COC1=CC=C(C=C1)C2=NN(C=C2C(=O)C=CNC3=CC=C(C=C3)C(F)(F)F)C4=CC=CC=C4
127050139,C1=CC=C(C=C1)C2=NN(C=C2C(=O)C=CNC3=CC=C(C=C3)C(F)(F)F)C4=CC=CC=C4
127050792,C1=CC=C(C=C1)N2C=C(C(=N2)C3=CC=C(C=C3)F)C(=O)C=CNC4=CC=C(C=C4)C(F)(F)F
145970292,C1=CC=C(C=C1)CCNS(=O)(=O)C2=CC=CC(=C2)C(=O)NO
11637884,C1=CC=C(C=C1)NS(=O)(=O)C2=CC=CC(=C2)C(=O)NO
141522811,C1=CC=C(C=C1)CNS(=O)(=O)C2=CC=CC(=C2)C(=O)NO
137648415,COC1=CC(=C(C(=C1)OC)C=CC(=O)C=CC2=CN(C3=CC=CC=C32)CC4=CC=CC=C4)OC
137633396,COC1=CC(=C(C=C1)OC)C=CC(=O)C=CC2=CN(C3=CC=CC=C32)CC4=CC=C(C=C4)F
137652068,COC1=CC(=C(C(=C1)OC)C=CC(=O)C=CC2=CN(C3=CC=CC=C32)CC4=CC=C(C=C4)C(F)(F)F)OC
137652295,COC1=CC=C(C=C1)C=CC(=O)C=CC2=CN(C3=CC=CC=C32)CC4=CC=CC=C4
137644342,COC1=CC=C(C=C1)C=CC(=O)C=CC2=CN(C3=CC=CC=C32)CC4=CC=C(C=C4)Cl
137649024,COC1=CC=C(C=C1)C=CC(=O)C=CC2=CN(C3=CC=CC=C32)CC4=CC(=CC=C4)F
137658686,COC1=CC(=C(C(=C1)OC)C=CC(=O)C=CC2=CN(C3=CC=CC=C32)CC4=CC=C(C=C4)Cl)OC
137644785,COC1=C(C=C(C=C1)C=CC(=O)C=CC2=CN(C3=CC=CC=C32)CC4=CC=C(C=C4)OC(F)(F)F)OC
137652555,COC1=CC=C(C=C1)C=CC(=O)C=CC2=CN(C3=CC=CC=C32)CC4=CC=C(C=C4)C(F)(F)F
137640340,C1=CC=C2C(=C1)C(=CN2)C=CC(=O)C=CC3=CC=C(C=C3)Cl
137649911,COC1=CC(=C(C=C1C=CC(=O)C=CC2=CN(C3=CC=CC=C32)CC4=CC=C(C=C4)F)OC)OC
137654854,COC1=CC(=C(C(=C1)OC)C=CC(=O)C=CC2=CN(C3=CC=CC=C32)CC4=CC(=CC=C4)F)OC
137659163,COC1=CC(=C(C=C1C=CC(=O)C=CC2=CN(C3=CC=CC=C32)CC4=CC=C(C=C4)C(F)(F)F)OC)OC
137634420,COC1=CC(=C(C(=C1)OC)C=CC(=O)C=CC2=CN(C3=CC=CC=C32)CC4=CC=C(C=C4)F)OC
137635015,COC1=CC(=C(C=C1)OC)C=CC(=O)C=CC2=CN(C3=CC=CC=C32)CC4=CC=CC=C4
137644001,COC1=CC=C(C=C1)C=CC(=O)C=CC2=CN(C3=CC=CC=C32)CC4=CC=C(C=C4)F
137658622,COC1=C(C=C(C=C1)C=CC(=O)C=CC2=CN(C3=CC=CC=C32)CC4=CC=C(C=C4)F)OC
137645822,C1=CC=C(C=C1)CN2C=C(C3=CC=CC=C32)C=CC(=O)C=CC4=CC=C(C=C4)Cl
137647911,COC1=CC(=C(C=C1C=CC(=O)C=CC2=CN(C3=CC=CC=C32)CC4=CC=CC=C4)OC)OC
137649082,COC1=CC(=C(C=C1)OC)C=CC(=O)C=CC2=CN(C3=CC=CC=C32)CC4=CC=C(C=C4)C(F)(F)F
137661050,CCC(C)C(C(=O)OC)NC(=O)C1=CC=C(N1CC)C(CC)(CC)C2=CC(=C(C=C2)OCCC(CC)(CC)O)C
137650434,CCC(CC)(CCOC1=C(C=C(C=C1)C(CC)(CC)C2=CC=C(N2CC)C(=O)NC3=CC=C(C=C3)OC(F)(F)F)C)O
137640606,CCC(CC)(CCOC1=C(C=C(C=C1)C(CC)(CC)C2=CC=C(N2CC)C(=O)NC3=CC=C(C=C3)OCC)C)O
137638580,CCC(CC)(CCOC1=C(C=C(C=C1)C(CC)(CC)C2=CC=C(N2CC)C(=O)N(CCC#N)CCC#N)C)O
137643845,CCC(CC)(CCOC1=C(C=C(C=C1)C(CC)(CC)C2=CC=C(N2CC)C(=O)OC3=CC=C(C=C3)CC(=O)OC)C)O
137660583,CCC(CC)(CCOC1=C(C=C(C=C1)C(CC)(CC)C2=CC=C(N2CC)C(=O)OCCC#C)C)O
145953760,CCOC(=O)C1=C(SC(=N1)NC(=O)CCN2C=C(C3=CC=CC=C32)C(=O)C(=O)N4CCCCC4)C
145962721,C1CC1NC(=O)C(=O)C2=CN(C3=CC=CC=C32)CC(=O)NC4=NC=CS4
145961344,CC1=CC=C(C=C1)C2=CSC(=N2)NC(=O)CCN3C=C(C4=CC=CC=C43)C(=O)C(=O)N5CCCCC5
145954712,C1CCN(CC1)C(=O)C(=O)C2=CN(C3=CC=CC=C32)CC(=O)NC4=NC(=CS4)C5=CC=CC=C5
145963088,C1CCN(CC1)C(=O)C(=O)C2=CN(C3=CC=CC=C32)CC(=O)NC4=NC=CS4
145963262,C1CC1NC(=O)C(=O)C2=CN(C3=CC=CC=C32)CC(=O)NC4=NC(=CS4)C5=CC=CC=C5
145963565,C1=CC=C(C=C1)NC(=O)C(=O)C2=CN(C3=CC=CC=C32)CC(=O)NC4=NC=CS4
145953764,C1CCN(CC1)C(=O)C(=O)C2=CN(C3=CC=CC=C32)CCC(=O)NC4=NC(=CS4)C5=CC=CC=C5
145961714,C1=CC=C(C=C1)NC(=O)C(=O)C2=CN(C3=C2C=C(C=C3)Br)CC(=O)NC4=NC=CS4
145961786,C1CCN(CC1)C(=O)C(=O)C2=CN(C3=CC=CC=C32)CCC(=O)NC4=NC=CS4
145953311,C1=CC=C(C=C1)C2=CSC(=N2)NC(=O)CN3C=C(C4=CC=CC=C43)C(=O)C(=O)NC5=CC=CC=C5
145961676,CC1=CC=C(C=C1)C2=CSC(=N2)NC(=O)CN3C=C(C4=C3C=CC(=C4)Br)C(=O)C(=O)NC5=CC=CC=C5
155512332,CC1=CC(=CC(=C1)C(=O)OC2CCC3(C(C2(C)C)CCC4(C3CC(C5C4(CCC5C(C)(CCCC(C)(C)OC)O)C)OC(=O)C6=CC(=CC(=C6)C)C)C)C)C
155540047,CC1(C2CCC3(C(C2(CCC1O)C)CC(C4C3(CCC4C(C)(CCCC(C)(C)OC)O)C)OC(=O)C5=CC=CC=C5)C)C
155537577,CC1(C2CCC3(C(C2(CCC1OC(=O)C4=CC=C(C=C4)I)C)CC(C5C3(CCC5C(C)(CCCC(C)(C)OC)O)C)OC(=O)C6=CC=C(C=C6)I)C)C
155560556,CC1(C2CCC3(C(C2(CCC1O)C)CC(C4C3(CCC4C(C)(CCCC(C)(C)OC)O)C)OC(=O)C5=CC=C(C=C5)I)C)C
155561826,CC1=CC(=CC=C1)C(=O)OC2CCC3(C(C2(C)C)CCC4(C3CC(C5C4(CCC5C(C)(CCCC(C)(C)OC)O)C)O)C)C
155538619,CC1(C2CCC3(C(C2(CCC1OC(=O)C4=CC=C(C=C4)Br)C)CC(C5C3(CCC5C(C)(CCCC(C)(C)OC)O)C)OC(=O)C6=CC=C(C=C6)Br)C)C
155543304,CC1(C2CCC3(C(C2(CCC1OC(=O)C4=CC=CC=C4[N+](=O)[O-])C)CC(C5C3(CCC5C(C)(CCCC(C)(C)OC)O)C)OC(=O)C6=CC=CC=C6[N+](=O)[O-])C)C
155553421,CC1(C2CCC3(C(C2(CCC1OC(=O)C=CC4=CC=C(C=C4)F)C)CC(C5C3(CCC5C(C)(CCCC(C)(C)OC)O)C)OC(=O)C=CC6=CC=C(C=C6)F)C)C
155528506,CC1(C2CCC3(C(C2(CCC1O)C)CC(C4C3(CCC4C(C)(CCCC(C)(C)OC)O)C)OC(=O)C=CC5=CC=C(C=C5)F)C)C
155549769,CC1(C2CCC3(C(C2(CCC1OC(=O)C4=C(C=CC(=C4)I)Cl)C)CC(C5C3(CCC5C(C)(CCCC(C)(C)OC)O)C)OC(=O)C6=C(C=CC(=C6)I)Cl)C)C
155529112,CC1(C2CCC3(C(C2(CCC1OC(=O)C4=CC(=CC(=C4)[N+](=O)[O-])[N+](=O)[O-])C)CC(C5C3(CCC5C(C)(CCCC(C)(C)OC)O)C)OC(=O)C6=CC(=CC(=C6)[N+](=O)[O-])[N+](=O)[O-])C)C
155552007,CC1(C2CCC3(C(C2(CCC1OC(=O)C4=CC=C(C=C4)I)C)CC(C5C3(CCC5C(C)(CCCC(C)(C)OC)O)C)O)C)C
155519868,CC1(C2CCC3(C(C2(CCC1OC(=O)C4=CC=C(C=C4)Cl)C)CC(C5C3(CCC5C(C)(CCCC(C)(C)OC)O)C)OC(=O)C6=CC=C(C=C6)Cl)C)C
155529009,CC1(C2CCC3(C(C2(CCC1O)C)CC(C4C3(CCC4C(C)(CCCC(C)(C)OC)O)C)OC(=O)C5=CC=C(C=C5)Br)C)C
155529806,CC1(C2CCC3(C(C2(CCC1OC(=O)C4=CC=CC=C4I)C)CC(C5C3(CCC5C(C)(CCCC(C)(C)OC)O)C)OC(=O)C6=CC=CC=C6I)C)C
155511783,CC1(C2CCC3(C(C2(CCC1O)C)CC(C4C3(CCC4C(C)(CCCC(C)(C)OC)O)C)OC(=O)C5=CC(=CC(=C5)[N+](=O)[O-])[N+](=O)[O-])C)C
155522707,CC1(C2CCC3(C(C2(CCC1OC(=O)C4=C(C=CC(=C4)I)Cl)C)CC(C5C3(CCC5C(C)(CCCC(C)(C)OC)O)C)O)C)C
155510366,CC1(C2CCC3(C(C2(CCC1OC(=O)C=CC4=CC=C(C=C4)Cl)C)CC(C5C3(CCC5C(C)(CCCC(C)(C)OC)O)C)OC(=O)C=CC6=CC=C(C=C6)Cl)C)C
155511189,CC1=CC=CC=C1C(=O)OC2CCC3(C(C2(C)C)CCC4(C3CC(C5C4(CCC5C(C)(CCCC(C)(C)OC)O)C)O)C)C
155544845,CC1=CC=CC=C1C(=O)OC2CC3C4(CCC(C(C4CCC3(C5(C2C(CC5)C(C)(CCCC(C)(C)OC)O)C)C)(C)C)O)C
155563598,CC1(C2CCC3(C(C2(CCC1OC(=O)C4=CC=C(C=C4)[N+](=O)[O-])C)CC(C5C3(CCC5C(C)(CCCC(C)(C)OC)O)C)OC(=O)C6=CC=C(C=C6)[N+](=O)[O-])C)C
155525467,CC1(C2CCC3(C(C2(CCC1O)C)CC(C4C3(CCC4C(C)(CCCC(C)(C)OC)O)C)OC(=O)C5=CC=C(C=C5)[N+](=O)[O-])C)C
155568701,CC1(C2CCC3(C(C2(CCC1OC(=O)C4=C(C=CC(=C4)F)Br)C)CC(C5C3(CCC5C(C)(CCCC(C)(C)OC)O)C)OC(=O)C6=C(C=CC(=C6)F)Br)C)C
155523058,CC1(C2CCC3(C(C2(CCC1OC(=O)C=CC4=CC=CC=C4)C)CC(C5C3(CCC5C(C)(CCCC(C)(C)OC)O)C)OC(=O)C=CC6=CC=CC=C6)C)C
155562843,CC1=CC(=CC(=C1)C(=O)OC2CCC3(C(C2(C)C)CCC4(C3CC(C5C4(CCC5C(C)(CCCC(C)(C)OC)O)C)O)C)C)C
155562410,CC1(C2CCC3(C(C2(CCC1O)C)CC(C4C3(CCC4C(C)(CCCC(C)(C)OC)O)C)OC(=O)C=CC5=CC=CC=C5)C)C
155538574,CC1(C2CCC3(C(C2(CCC1OC(=O)C4=CC=CC=C4)C)CC(C5C3(CCC5C(C)(CCCC(C)(C)OC)O)C)OC(=O)C6=CC=CC=C6)C)C
145992753,CC(=O)C=CC1=CC(=C(C=C1)OCC2=CN(N=N2)C3=CC=CC=C3CO)OC
145982822,CC1C(C(C(C(O1)OC2C(C(COC2OC3CCC4(C(C3(C)C)CCC5(C4CC=C6C5(CCC7(C6CC(CC7)(C)C)C(=O)NCC8=CN(N=N8)C9=CC=CC=C9[N+](=O)[O-])C)C)C)OC1C(C(C(C(O1)CO)O)O)O)O)O)O)O
145967948,COC1=C(C=C(C=C1)C=CC(=O)C2=CC(=C(C(=C2)OC)OC)OC)OCCCC(=O)NCCCCNCCCN
137658929,CC1=CC=C(C=C1)C#CC2=C(C(=C(S2)C)C)C(=O)C3=CC=CC=C3
145953306,CCCSC1=NC2=C(C(=N1)N3CCSCC3)NC(=O)C(=O)N2CC4=CC=CC=C4
76310411,C1=CC=C2C(=C1)C(=CC(=C2O)SC3=NC=NC4=C3NC=N4)NS(=O)(=O)C5=CC=C(C=C5)C(F)(F)F
71699045,C1=CC=C2C(=C1)C(=CC(=C2O)SC3=NC=NN3)NC(=O)C4=CC=C(C=C4)[N+](=O)[O-]
118716307,C1=CC(=CN=C1)C2=NN=C(S2)NC(=O)CCCCCC(=O)NO
71510528,COC1=C(C=C(C=C1)S(=O)(=O)NC2=CC(=C(C3=CC=CC=C32)O)SC4=NC=NC5=C4NC=N5)OC
145988619,COC1=CC(=CC(=C1OC)OC)C(=O)C=CC2=CC=C(C=C2)OCCCC(=O)NCCCCN(CCCCN)CCCN
76324952,CN(C)C1=CC=CC2=C1C=CC=C2S(=O)(=O)NC3=CC(=C(C4=CC=CC=C43)O)SC5=NC=NC6=C5NC=N6
76317633,C1=CC=C2C(=C1)C=CC=C2S(=O)(=O)NC3=CC(=C(C4=CC=CC=C43)O)SC5=NC=NC6=C5NC=N6
76314071,C1=CC=C2C(=C1)C(=CC(=C2O)SC3=NC=NC4=C3NC=N4)NS(=O)(=O)C5=CC=C(S5)Cl
145990598,CC(=O)C=CC1=CC(=C(C=C1)OCC2=CN(N=N2)C3=CC=C(C=C3)C4=CC=CC=C4)OC
145991088,CC(=O)C=CC1=CC(=C(C=C1)OCC2=CN(N=N2)C3=CC(=CC(=C3)Br)F)OC
158501,CC1(C2CCC3(C(C2(CCC1O)C)CC(C4C3(CCC4C(C)(CCCC(C)(C)O)O)C)O)C)C
76324951,C1=CC=C2C(=C1)C(=CC(=C2O)SC3=NC=NC4=C3NC=N4)NS(=O)(=O)C5=CC(=C(C=C5)F)Cl
145951796,C1=CC=C(C=C1)C2=C(N=NC(=N2)SCC3=CN(N=N3)CCCOC4=CC(=O)OC5=CC=CC=C54)C6=CC=CC=C6
145986537,CC1=CC=C(C=C1)N2C=C(N=N2)COC3=C(C=C(C=C3)C=CC(=O)C)OC
145980196,CCOC(=O)C1=CC=C(C=C1)N2C=C(N=N2)COC3=C(C=C(C=C3)C=CC(=O)C)OC
145980508,CC(=O)C=CC1=CC(=C(C=C1)OCC2=CN(N=N2)C3=CC=CC=C3O)OC
76321356,C1=CC=C2C(=C1)C(=CC(=C2O)SC3=NC=NC4=C3NC=N4)NS(=O)(=O)C5=CC=C(C=C5)F
71510398,CC1=CC(=CC=C1)C(=O)NC2=CC(=C(C3=CC=CC=C32)O)SC4=NC=NN4
118716310,C1=CSC(=C1)C2=NN=C(S2)NC(=O)CCCCCC(=O)NO
118716308,C1=CN=CC=C1C2=NN=C(S2)NC(=O)CCCCCC(=O)NO
145968670,COC1=C(C=C(C=C1)C=CC(=O)C2=CC(=C(C(=C2)OC)OC)OC)OCCCC(=O)NCCCCN(CCCCN)CCCN
127025405,CC1(C2CCC3(C(C2(CCC1O)C)CC(C4C3(CCC4C(C)(CCCC(C)(C)O)O)C)OC(=O)C(CC5=CC=C(C=C5)O)NC(=O)OC(C)(C)C)C)C
155525687,CC(C)CC(C(=O)NO)NC(=O)NCC1=CN(N=N1)C2=CC=CC=C2COC(=O)C3=CC=CC4=CC=CC=C43
137634019,CC1=CC=CC=C1COC2=CC3=C(C=C2)C=C(C(=O)O3)C(=O)NCC4=CC=C(C=C4)C(=O)NC5=CC=CC=C5N
145981353,CC(=O)C=CC1=CC(=C(C=C1)OCC2=CN(N=N2)C3=CC(=C(C=C3)C(F)(F)F)C(F)(F)F)OC
145950385,CCCSC1=NC2=C(C(=N1)N3CCNCC3)NC(=O)C(=O)N2CC4=CC=CC=C4
137649960,C1=CC=C(C(=C1)COC2=CC3=C(C=C2)C=C(C(=O)O3)C(=O)NCC4=CC=C(C=C4)C(=O)NC5=CC=CC=C5N)Cl
145954671,CCCSC1=NC2=C(C(=N1)N3CCOCC3)NC(=O)C(=O)N2CC4=CC=CC=C4
155519690,C1=CC=C(C=C1)C2=NN(C=C2C3=NN(N=N3)CC(=O)O)C4=CC=CC=C4
118728225,CC1(CCC2C(C1CC#N)CCC3=CC(=O)C=CC23C)CC#N
137660762,C1=CC=C(C(=C1)N)NC(=O)C2=CC=C(C=C2)CNC(=O)C3=CC4=C(C=C(C=C4)OCC5=CC=C(C=C5)F)OC3=O
145992841,CC(=O)C=CC1=CC(=C(C=C1)OCC2=CN(N=N2)C3=CC=C(C=C3)NC(=O)C4=CC=CC=C4)OC
145987919,CC(=O)C=CC1=CC(=C(C=C1)OCC2=CN(N=N2)C3=CC=CC=C3)OC
145970148,COC1=CC(=CC(=C1OC)OC)C(=O)C=CC2=CC=C(C=C2)OCCCC(=O)NCCCCNCCCN
145984377,CC(=O)C=CC1=CC(=C(C=C1)OCC2=CN(N=N2)C3=CC=C(C=C3)C=O)OC
137659289,C1=CC=C(C(=C1)N)NC(=O)C2=CC=C(C=C2)CNC(=O)C3=CC4=C(C=CC(=C4)Br)OC3=O
145968611,COC1=C(C=C(C=C1)C=CC(=O)C2=CC(=C(C(=C2)OC)OC)OC)OCCCC(=O)NCCCNCCCCN
145970606,COC1=CC(=CC(=C1OC)OC)C(=O)C=CC2=CC=C(C=C2)OCCCC(=O)NCCCCN(CCCCNCCCN)CCCN
71510400,C1=CC=C2C(=C1)C(=CC(=C2O)SC3=NC=NN3)NC(=O)C4=CC(=CC=C4)Cl
127025960,CC1(C2CCC3(C(C2(CCC1O)C)CC(C4C3(CCC4C(C)(CCCC(C)(C)O)O)C)OC(=O)C(CC5=CN=CN5)NC(=O)OC(C)(C)C)C)C
76328519,CC1=CC=C(C=C1)S(=O)(=O)NC2=CC(=C(C3=CC=CC=C32)O)SC4=NC=NC5=C4NC=N5
44562040,C1=CC=C(C(=C1)C=CC2=CC=C(O2)C(=O)NO)O
145953126,C1=CC=C(C=C1)C2=C(N=NC(=N2)SCC3=CN(N=N3)CCCOC4=CC5=C(C=C4)C=CC(=O)O5)C6=CC=CC=C6
56683726,C1CSC2(S1)CC(N(C2)C(=O)C(CC3=CC=C(C=C3)O)N)C(=O)NCCCCCC(=O)NO.Cl
71699048,C1=CC=C2C(=C1)C(=CC(=C2O)SC3=NN=CS3)NC(=O)C4=CC=C(C=C4)Cl
71510270,COC1=CC=C(C=C1)C(=O)NC2=CC(=C(C3=CC=CC=C32)O)SC4=NC=NN4
71510267,C1=CC=C2C=C(C=CC2=C1)C(=O)NC3=CC(=C(C4=CC=CC=C43)O)SC5=NC=NN5
71510395,COC1=C(C=C(C=C1)C=CC(=O)NC2=CC(=C(C3=CC=CC=C32)O)SC4=NC=NN4)OC
71699046,C1=CC=C2C(=C1)C(=CC(=C2O)SC3=NC=NN3)NC(=O)C=CC4=CC=C(C=C4)Cl
71699044,C1=CC=C(C=C1)C=CC(=O)NC2=CC(=C(C3=CC=CC=C32)O)SC4=NC=NN4
71510399,C1=CC=C2C(=C1)C(=CC(=C2O)SC3=NC=NN3)NC(=O)C=CC4=CC=C(C=C4)[N+](=O)[O-]
71699130,C1=CC=C2C(=C1)C(=CC(=C2O)SC3=NC=NC4=C3NC=N4)NC(=O)C5=CC=C(C=C5)[N+](=O)[O-]
71699129,C1=CC=C2C(=C1)C(=CC(=C2O)SC3=NC=NC4=C3NC=N4)NC(=O)C5=CC=CC=C5[N+](=O)[O-]
136224850,CN1C(=NN=N1)SC2=C(C3=CC=CC=C3C(=C2)NC(=O)C4=CC=C(C=C4)Cl)O
71510529,CC(C)(C)C1=CC=C(C=C1)S(=O)(=O)NC2=CC(=C(C3=CC=CC=C32)O)SC4=NC=NC5=C4NC=N5
127025679,CC1(C2CCC3(C(C2(CCC1O)C)CC(C4C3(CCC4C(C)(CCCC(C)(C)O)O)C)OC(=O)C(CCC(=O)OCC5=CC=CC=C5)NC(=O)OC(C)(C)C)C)C
127025681,CCC(C)C(C(=O)OC1CCC2(C(C1(C)C)CCC3(C2CC(C4C3(CCC4C(C)(CCCC(C)(C)O)O)C)OC(=O)C(C(C)CC)NC(=O)OC(C)(C)C)C)C)NC(=O)OC(C)(C)C
127025955,CC(C)CC(C(=O)OC1CC2C3(CCC(C(C3CCC2(C4(C1C(CC4)C(C)(CCCC(C)(C)O)O)C)C)(C)C)O)C)NC(=O)OC(C)(C)C
127025956,CCC(C)C(C(=O)OC1CC2C3(CCC(C(C3CCC2(C4(C1C(CC4)C(C)(CCCC(C)(C)O)O)C)C)(C)C)O)C)NC(=O)OC(C)(C)C
127029579,CC1(C2CCC3(C(C2(CCC1OC(=O)C(CCC(=O)OCC4=CC=CC=C4)NC(=O)OC(C)(C)C)C)CC(C5C3(CCC5C(C)(CCCC(C)(C)O)O)C)OC(=O)C(CCC(=O)OCC6=CC=CC=C6)NC(=O)OC(C)(C)C)C)C
127025680,CC(C)CC(C(=O)OC1CCC2(C(C1(C)C)CCC3(C2CC(C4C3(CCC4C(C)(CCCC(C)(C)O)O)C)OC(=O)C(CC(C)C)NC(=O)OC(C)(C)C)C)C)NC(=O)OC(C)(C)C
127025685,CC(C(=O)OC1CCC2(C(C1(C)C)CCC3(C2CC(C4C3(CCC4C(C)(CCCC(C)(C)O)O)C)OC(=O)C(C)NC(=O)OC(C)(C)C)C)C)NC(=O)OC(C)(C)C
145953160,CCCSC1=NC2=C(C(=N1)OC)NC(=O)C(=O)N2CC3=CC=CC=C3
145958264,CCCSC1=NC2=C(C(=N1)N3CCN(CC3)CC)NC(=O)C(=O)N2CC4=CC=CC=C4
145957638,CCCSC1=NC2=C(C(=N1)N3CCN(CC3)C)NC(=O)C(=O)N2CC4=CC=C(C=C4)OC
145953156,CCCSC1=NC2=C(C(=N1)N3CCN(CC3)C(=O)OC(C)(C)C)NC(=O)C(=O)N2CC4=CC=CC=C4
145958222,CCCSC1=NC(=C2C(=N1)N(C(=O)C(=O)N2)CC3=CC=C(C=C3)O)NC4=CC=CC=C4
145974055,CCCSC1=NC2=C(C(=N1)N3CCOCC3)NC(=O)C(=O)N2CC4=CC=C(C=C4)Cl
145972255,CCCSC1=NC2=C(C(=N1)OCC)NC(=O)C(=O)N2CC3=CC=CC=C3
145969923,COC1=CC(=CC(=C1OC)OC)C(=O)C=CC2=CC=C(C=C2)OCCCC(=O)NCCCNCCCCN
139188626,CC12CCC3C(C1CC(=O)OC2)CCC4C3(CCC5=C4C=CC=N5)C
145980368,CC12CCC3C(C1CC(=O)OC2)CC(=O)C4C3(CCC5=C4C=CC=N5)C
137648242,CC1=CC=C(C=C1)C#CC2=C(C(=C(S2)C)C)C(=O)C3=CC=C(C=C3)C
132519428,CC1=C(SC(=C1C(=O)C2=CC=C(C=C2)[N+](=O)[O-])C3=CC=CC=C3)C
137656923,CC1=CC=C(C=C1)C#CC2=C(C3=C(S2)CCCC3)C(=O)C4=CC=CC=C4
137632614,CCOC1=CC2=C(C=C1)C=C(C(=O)O2)C(=O)NCC3=CC=C(C=C3)C(=O)NC4=CC=CC=C4N
137652928,C1=CC=C2C(=C1)C=C(C(=O)O2)C(=O)NCC3=CC=C(C=C3)C(=O)NC4=CC=CC=C4N
137639780,C1=CC=C(C=C1)COC2=CC3=C(C=C2)C=C(C(=O)O3)C(=O)NCC4=CC=C(C=C4)C(=O)NC5=CC=CC=C5N
137633125,COC1=CC=CC2=C1OC(=O)C(=C2)C(=O)NCC3=CC=C(C=C3)C(=O)NC4=CC=CC=C4N
137639650,C1=CC=C(C(=C1)N)NC(=O)C2=CC=C(C=C2)CNC(=O)C3=CC4=C(C=C(C=C4)OCC5=CC(=CC=C5)F)OC3=O
137651577,COC1=CC2=C(C=C1)C=C(C(=O)O2)C(=O)NCC3=CC=C(C=C3)C(=O)NC4=CC=CC=C4N
137649326,C1=CC=C(C(=C1)COC2=CC3=C(C=C2)C=C(C(=O)O3)C(=O)NCC4=CC=C(C=C4)C(=O)NC5=CC=CC=C5N)F
137641566,CCCOC1=CC2=C(C=C1)C=C(C(=O)O2)C(=O)NCC3=CC=C(C=C3)C(=O)NC4=CC=CC=C4N
137657874,CCOC1=CC=CC2=C1OC(=O)C(=C2)C(=O)NCC3=CC=C(C=C3)C(=O)NC4=CC=CC=C4N
138753469,C#CCSC1=NC(=C(N=N1)C2=CC=CC=C2)C3=CC=CC=C3
145953815,C1=CC=C(C=C1)C2=C(N=NC(=N2)SCC3=CN(N=N3)C4=CC=C(C=C4)S(=O)(=O)N)C5=CC=CC=C5
2816401,CC(=O)CSC1=NC(=C(N=N1)C2=CC=CC=C2)C3=CC=CC=C3
145958114,COC1=CC=C(C=C1)C(=O)C=CC2=CC=C(C=C2)N3C=C(N=N3)CSC4=NC(=C(N=N4)C5=CC=CC=C5)C6=CC=CC=C6
145950639,C1=CC=C(C=C1)C2=C(N=NC(=N2)SCC3=CN(N=N3)CC4=CC5=CC=CC=C5C=C4)C6=CC=CC=C6
3168508,C1=CC=C(C=C1)C2=C(N=NC(=N2)SCCC(=O)O)C3=CC=CC=C3
145952863,CC(C)CC(C(=O)NO)NC(=O)NCC1=CN(N=N1)CC2=CC=CC=C2OCC3=CC=CC=C3
145955648,CC(C)CC(C(=O)NO)NC(=O)NCC1=CN(N=N1)CC2=CC(=CC=C2)OCC3=CC=CC=C3
